kanji_name,kana_name,age,birth_date,gender,blood_type,email,phone_number,mobile_phone_number,postal_code,address,company,credit_card,expiration_date,my_number
山口 恭子,やまぐち きょうこ,40,1985年05月02日,女,AB,yamaguchi52@example.com,03-5862-3599,090-3373-7741,195-0871,東京都港区六本木2-2-10,合名会社御薗屋商店,373798918759935,10/26,754964839616
長谷川 マキ,はせがわ まき,34,1990年10月17日,女,O,hasegawa_1017@example.com,03-5336-1523,080-8405-8936,152-9076,東京都足立区伊興1-1-4,ベスト・エンジニア有限会社,4584313391859587,07/26,121668868705
藤田 央子,ふじた ひろこ,69,1955年08月19日,女,B,fujita819@example.co.jp,0946-39-8513,070-3161-0996,808-6708,福岡県糟屋郡志免町別府北2-3-8,,5416867600151012,03/29,924870692410
増田 俊一,ますだ しゅんいち,37,1987年07月25日,男,A,masuda725@example.co.jp,06-4555-7863,090-0614-6068,542-5819,大阪府大阪市北区西天満1-5-7,合名会社下舘ゴータク,371068037250360,07/28,750615133778
陶山 悠,すやま ひさし,22,2003年07月13日,男,B,hisashisuyama@example.com,0259-78-2997,050-2632-4470,941-5792,新潟県新潟市中央区万代1-1-20,,5373274162498314,07/29,837988823870
三好 達也,みよし たつや,66,1959年04月02日,男,B,tatsuyamiyoshi@example.com,0162-19-1474,070-2664-3095,074-3148,北海道北見市北一条西2-1-907メゾン813,,4074014577053774,11/26,717413729558
宮澤 伸哉,みやざわ しんや,62,1963年03月11日,男,AB,miyazawa_shinya@example.net,0736-77-3585,050-6839-8623,641-1325,和歌山県和歌山市田中町2-5-10,,377754661296506,08/29,717140375383
福島 美雪,ふくしま みゆき,74,1951年01月26日,女,B,fukushima_miyuki@example.net,03-3392-7962,070-6876-5694,162-0224,東京都江戸川区松江2-3-21ユニライフ201,,3559978589323035,07/27,192797670177
鈴木 拓也,すずき たくや,38,1986年11月01日,男,A,suzuki111@example.org,06-2584-8507,050-1516-8959,546-3048,大阪府大阪市生野区田島3-5-106,株式会社東海,3556048298929812,06/30,996524556462
田辺 正実,たなべ まさみ,61,1963年10月30日,男,B,masami_tanabe@example.net,03-7641-8083,070-3885-3587,136-5602,東京都墨田区江東橋2-2-103,,5120041413239664,11/28,174366394620
古川 彩加,ふるかわ あやか,22,2003年06月05日,女,A,furukawa_ayaka@example.org,0795-29-4926,080-1996-0011,658-9863,兵庫県神戸市兵庫区今出在家町3-1-306,有限会社アマノ,371318283446224,10/29,524667010879
清水 郁美,しみず いくみ,48,1977年04月06日,女,O,shimizuikumi@example.jp,03-8186-6483,070-5673-3971,181-8798,東京都三鷹市牟礼3-5-10,有限会社ことぶき,3530281314715565,01/26,570439713101
大久保 和彦,おおくぼ かずひこ,75,1949年09月11日,男,AB,okubo_911@example.co.jp,046-492-0963,050-0557-6025,231-1969,神奈川県相模原市南区大野台1-5-21ヒルズ804,,3581567074254755,04/29,381255448670
山口 雄一郎,やまぐち ゆういちろう,23,2002年04月01日,男,B,yamaguchi_41@example.com,0947-19-3838,070-4855-4301,800-0992,福岡県糸島市前原北1-4-16,株式会社夢工房,3550118645238674,01/29,467896546304
石川 沙弥,いしかわ さや,53,1971年12月12日,女,O,sayaishikawa@example.jp,0137-83-0650,080-8377-5677,082-0983,北海道札幌市南区南沢四条2-2-14,有限会社アドバンス,4905589094727096,04/30,243038601490
平川 透,ひらかわ とおる,73,1951年11月01日,男,B,tooruhirakawa@example.com,0846-58-6991,050-0517-7790,729-5132,広島県廿日市市沖塩屋4-3-7ネオライフマンション615,,3569377874421570,12/27,072503771269
野坂 好弘,のさか よしひろ,34,1990年09月30日,男,A,nosaka930@example.org,03-0532-2374,090-3769-7428,118-6448,東京都墨田区太平3-5-15アールヴェール116,株式会社リンケージ,5560592336993412,01/26,670638579923
染谷 恵,そめや めぐみ,59,1965年12月05日,女,A,someya125@example.ne.jp,03-0411-5548,080-4596-6212,151-8636,東京都港区虎ノ門2-5-401,合資会社酒井貫一郎商店,3542298273688787,10/27,788186865835
豊田 愛子,とよだ あいこ,27,1998年03月11日,女,A,toyoda_aiko@example.jp,03-5450-8936,070-9601-9969,188-4208,東京都港区高輪4-1-8グリーンスクエア312,有限会社ビッグ,3560459693980611,10/26,346474511492
植田 力,うえだ つとむ,70,1954年08月12日,男,A,tsutomuueda@example.jp,03-8699-9042,080-9715-3499,111-6835,東京都足立区一ツ家2-4-301,,4938018740316527,02/26,453435618574
田原 孝宣,たはら たかのり,27,1997年10月31日,男,A,tahara_1031@example.ne.jp,045-443-9458,070-7974-5929,214-5874,神奈川県横浜市都筑区東山田1-2-1003,有限会社ナカムラ,5345451193761366,06/28,537382573297
西元 智行,にしもと ともゆき,64,1961年03月26日,男,O,tomoyuki_nishimoto@example.com,0163-17-4899,050-9027-6342,097-6956,北海道札幌市中央区南五条西1-1-7,,4885477479372908,01/28,609814292660
高橋 直美,たかはし なおみ,76,1948年09月17日,その他・不明,A,takahashi917@example.co.jp,0460-49-3271,080-4876-6941,210-3311,神奈川県横浜市鶴見区生麦1-4-705,,3541483977508553,11/25,421448693401
玉村 陽子,たまむら ようこ,40,1985年04月18日,女,A,tamamura_418@example.org,03-1082-2289,080-7493-7858,102-1803,東京都練馬区練馬3-1-3,株式会社アルテック,371316638089137,10/29,855586822743
木村 美智子,きむら みちこ,32,1992年08月03日,女,O,kimuramichiko@example.com,06-4893-8710,080-0333-3871,568-7959,大阪府大阪市福島区玉川3-3-6,株式会社エコー,3559032665875441,05/29,199321737650
永野 祥平,ながの しょうへい,68,1956年08月18日,男,A,shouhei_nagano@example.org,093-701-2146,070-1526-9158,833-1559,福岡県福岡市東区千早2-4-15カルム302,,3539544728957011,05/28,120234153612
田尾 奈緒子,たお なおこ,67,1958年06月30日,女,AB,tao_naoko@example.ne.jp,06-3920-9422,050-7025-5696,540-8733,大阪府高石市加茂3-4-8,,370751502200181,04/30,780777035261
後藤 一江,ごとう かずえ,25,2000年02月12日,女,B,goto_212@example.org,03-8125-6092,050-1071-6410,148-4604,東京都杉並区南荻窪1-3-9,伊藤建設株式会社,5488420038439741,02/26,998417044583
小野 晴美,おの はるみ,68,1956年08月07日,女,A,harumi_ono@example.co.jp,0833-32-0095,090-9267-3564,742-5693,山口県山口市吉敷佐畑4-2-10グランノア710,,5195187459755491,08/29,387475395389
堀 しのぶ,ほり しのぶ,41,1983年09月17日,女,A,horishinobu@example.com,0470-86-3572,070-8613-4812,279-8891,千葉県千葉市中央区登戸4-2-4,有限会社みゆき,3531435246740435,08/27,123788993816
大竹 康恵,おおたけ やすえ,26,1999年02月08日,女,AB,otake_28@example.org,03-7541-2455,050-7222-0979,127-0655,東京都足立区保木間3-4-7,株式会社フローラ,378990481991731,09/25,966140739890
高柳 伸一郎,たかやなぎ しんいちろう,46,1978年11月06日,男,A,takayanagi_116@example.co.jp,06-0931-4819,070-1210-2247,588-8519,大阪府松原市高見の里2-2-7,株式会社コムテック,3577321631968309,03/28,285146736127
萩野 美香,はぎの みか,67,1958年03月13日,女,O,mikahagino@example.net,01634-4-1593,090-1307-0286,001-0080,北海道帯広市西二十条南3-1-6,,4800371258575728,06/27,820781481820
井上 泰広,いのうえ やすひろ,47,1978年03月25日,男,O,yasuhiroinoue@example.ne.jp,0438-87-7852,070-3316-3905,287-9881,千葉県千葉市中央区中央2-3-5,株式会社ミネルヴァ,5534591000776270,04/29,448771706933
小林 健介,こばやし けんすけ,30,1994年09月08日,男,O,kensukekobayashi@example.com,0223-42-3790,080-5352-1116,987-3126,宮城県仙台市青葉区宮町2-3-14,株式会社マルヤマ,3589876462127040,03/27,152149732823
今村 康次,いまむら こうじ,68,1956年12月14日,男,B,kojiimamura@example.org,0466-36-1440,050-4444-0519,229-0242,神奈川県横浜市鶴見区駒岡1-3-17,,5594273832224020,04/27,084767639065
小林 亜弓,こばやし あゆみ,58,1967年03月18日,女,O,kobayashi_318@example.jp,0194-94-9515,050-7904-5581,027-7601,岩手県盛岡市北松園3-1-3,有限会社アイワ,5492631898426461,05/27,806757493777
北見 恵美子,きたみ えみこ,41,1984年05月26日,女,O,kitamiemiko@example.co.jp,0465-97-2896,090-7198-9447,254-4311,神奈川県横浜市中区長者町1-2-4,有限会社清水工業,3553095781074948,08/25,900810155800
坂 文則,さか ふみのり,58,1966年12月12日,男,O,fuminori_saka@example.ne.jp,03-1942-9897,070-8746-9927,172-5462,東京都練馬区西大泉3-3-3,鈴木産業有限会社,4089258959138728,01/27,521445491624
中川 幸一,なかがわ こういち,41,1983年08月27日,男,A,koichinakagawa@example.co.jp,01635-5-7538,070-9653-9732,006-1970,北海道札幌市豊平区平岸六条3-1-3,株式会社ユウシン,3583637818767616,06/27,364539619553
櫻井 貴幸,さくらい たかゆき,50,1975年01月22日,男,A,sakurai_takayuki@example.com,03-2290-2141,070-8512-9033,189-8267,東京都江戸川区中央3-2-17,合名会社小野瀬金物店,5529165115312458,03/28,181202595639
鈴木 友美,すずき ゆみ,20,2005年01月10日,女,B,yumi_suzuki@example.ne.jp,06-1419-0194,050-6352-6293,569-6070,大阪府八尾市志紀町南1-5-16,株式会社アクシア,5328654116929397,03/27,439510510854
小川 憲吾,おがわ けんご,69,1955年10月28日,男,O,ogawakengo@example.com,03-8270-0495,050-6150-5643,127-0980,東京都葛飾区東立石2-2-6,,4938478472202677,05/29,730754336976
内藤 毅,ないとう たかし,42,1983年06月16日,男,O,naito_takashi@example.com,03-9380-9887,070-4595-7850,127-6943,東京都葛飾区東四つ木2-5-8,株式会社シンテック,3556771285458632,09/29,090653447883
盛 丈晴,もり たけはる,48,1976年11月25日,男,O,moritakeharu@example.org,03-4562-3008,070-2352-8964,112-9953,東京都葛飾区東立石4-1-10,合資会社ウェルケア,4819076229142321,01/26,278660096050
北村 真理子,きたむら まりこ,59,1966年01月04日,女,A,kitamura_mariko@example.org,01634-7-2309,050-0702-4990,007-0633,北海道千歳市旭ヶ丘2-1-7,合資会社ほびぃほーむ,374771577686466,09/25,830709826339
山内 英徳,やまうち ひでのり,21,2003年10月05日,男,O,hidenori_yamauchi@example.ne.jp,03-5902-2840,090-9216-9886,100-6151,東京都大田区蒲田1-3-18,株式会社クリスタル,3559322963021438,05/26,109900325101
吉越 幸夫,よしこし ゆきお,77,1947年10月05日,男,O,yoshikoshi_yukio@example.ne.jp,0438-91-5708,090-0661-8591,282-9744,千葉県流山市西初石2-3-10,,376819953853891,12/25,494913773155
濱 由香,はま ゆか,48,1977年02月09日,女,AB,hamayuka@example.com,0167-56-8800,070-4581-5142,057-0460,北海道北広島市西の里東1-3-9,株式会社共和,4455211868871885,10/25,479408934722
大脇 司,おおわき つかさ,61,1964年01月07日,男,O,owaki17@example.net,0436-23-9427,080-9455-3270,273-5191,千葉県船橋市本中山3-3-7,,370919966343975,03/27,785767254668
田中 佳久,たなか よしひさ,50,1975年02月26日,男,A,tanakayoshihisa@example.co.jp,01586-4-0773,090-1140-4659,085-8652,北海道芦別市北六条西1-1-3,有限会社フォワード,3587586392181676,09/27,445121819904
福田 暁子,ふくだ あきこ,67,1958年05月14日,女,A,fukuda_akiko@example.net,043-023-8025,070-4902-2211,267-8940,千葉県市川市国分1-4-15,,4992613571232935,01/26,429995867148
原田 祐子,はらだ ゆうこ,72,1952年12月09日,女,B,harada_129@example.ne.jp,0532-41-8195,080-6377-8809,493-6681,愛知県名古屋市中村区名駅1-2-805,,5522286069108762,12/25,517751235081
遠藤 圭子,えんどう けいこ,47,1977年11月15日,女,B,keiko_endou@example.ne.jp,03-9513-8598,070-5517-8895,173-3194,東京都港区芝2-5-204,,373480515398025,06/29,948255035588
間宮 祐樹,まみや ゆうき,78,1947年02月18日,男,AB,yuukimamiya@example.org,03-5449-2560,070-7563-3258,175-6315,東京都北区中十条1-2-507,,5198980371416359,09/28,503771242849
瀧野 亜希子,たきの あきこ,49,1976年06月29日,女,O,takinoakiko@example.org,089-966-4403,090-6612-0150,799-8693,愛媛県四国中央市三島中央4-2-4,株式会社STK,4714947662344838,06/29,348636170093
森本 健,もりもと けん,73,1952年05月19日,男,A,morimoto519@example.org,03-7470-2489,070-4201-0019,151-6280,東京都練馬区西大泉3-3-3,,370924724197911,09/29,476223104716
新井 理恵,あらい りえ,47,1978年06月04日,女,B,arai64@example.com,06-6858-9279,080-3471-9571,563-0035,大阪府八尾市高美町2-2-5ヒューマンズ815,合名会社オーティーエー,371511266439717,03/27,603901201176
北川 三千代,きたがわ みちよ,63,1962年01月12日,女,A,michiyo_kitagawa@example.ne.jp,03-9907-9814,080-6785-8385,149-7198,東京都府中市本町2-1-802,,4354611335223341,07/26,643697760740
小林 啓吾,こばやし けいご,59,1966年01月02日,男,B,kobayashikeigo@example.org,03-2602-9272,090-7800-5013,169-4860,東京都中央区勝どき3-4-4,株式会社フジモト,3556291886836938,10/28,243850253978
鈴木 ゆり,すずき ゆり,34,1991年05月10日,女,O,suzuki_yuri@example.jp,03-7938-1786,050-8876-7955,156-0445,東京都杉並区永福2-4-201,合名会社棚谷製材所,4348046757515784,05/28,253229554960
笠原 広行,かさはら ひろゆき,55,1969年07月28日,男,A,kasahara_hiroyuki@example.co.jp,03-7180-6255,070-3576-6560,172-1435,東京都港区六本木4-2-6,株式会社エイコー,5222689098216568,03/26,372484611950
田代 秀人,たしろ ひでひと,22,2003年07月02日,男,A,hidehito_tashiro@example.ne.jp,0255-60-0922,050-0706-7574,950-7033,新潟県見附市本町3-1-15イトーピア305,エステック株式会社,4308927226712086,05/27,228456544968
横山 睦子,よこやま むつこ,70,1954年07月27日,女,O,mutsuko_yokoyama@example.com,0898-81-0752,070-5479-5491,799-0038,愛媛県松山市保免西3-2-8,,5303394541143996,11/27,304757247991
藤田 弘行,ふじた ひろゆき,54,1970年08月02日,男,O,fujita82@example.co.jp,0250-70-0019,080-4082-6711,956-0327,新潟県糸魚川市横町1-1-5オリエント810,有限会社リード,4989907623717587,06/29,045071623517
上口 英子,かみぐち ひでこ,53,1971年12月28日,女,O,hideko_kamiguchi@example.com,03-5304-3078,050-5030-6744,140-7596,東京都世田谷区世田谷1-1-506,合資会社コニー,4700240400860828,07/28,181203121142
新田 優,にった ゆう,25,2000年06月13日,男,AB,nitta613@example.co.jp,06-3212-0588,050-6975-6806,544-8442,大阪府池田市五月丘1-1-7シャルマンフジ410,株式会社渡辺工業,372285986177027,03/26,891309964839
大石 敦美,おおいし あつみ,30,1994年09月18日,女,B,oishi918@example.jp,0561-59-0195,050-0964-9075,494-9714,愛知県名古屋市瑞穂区雁道町3-3-4,,371493154531154,06/30,286288710865
北山 朱美,きたやま あけみ,75,1950年05月27日,女,A,kitayama527@example.ne.jp,01634-8-9026,090-2780-2608,090-5093,北海道北見市北一条西3-2-22,,3582926121374074,09/27,069234791494
犬伏 淳也,いぬぶし じゅんや,76,1949年07月15日,男,A,inubushi715@example.net,048-434-6216,090-4328-6181,335-6708,埼玉県川口市安行出羽2-3-7,,5129873940234532,12/27,456631436807
小川 小百合,おがわ さゆり,59,1965年09月30日,女,B,ogawa930@example.com,05769-8-7949,050-0508-8529,509-5155,岐阜県岐阜市高田3-4-19,朝日商事株式会社,371891061260199,08/27,202153189732
江川 洋行,えがわ ひろゆき,71,1954年03月14日,その他・不明,O,egawahiroyuki@example.org,03-3001-9566,050-0179-9364,121-8749,東京都新宿区西新宿1-3-501,,375808711514268,05/28,015152086099
佐藤 章広,さとう あきひろ,33,1991年11月20日,男,A,akihirosato@example.jp,0136-28-4205,050-8716-0892,005-7189,北海道札幌市東区東雁来十条3-3-5,合名会社豊島瓦工業所,5367937681166913,09/27,065372842193
岩井 貴生,いわい たかお,46,1978年08月31日,男,O,iwai_takao@example.ne.jp,03-7700-4001,090-1714-5369,191-1621,東京都足立区栗原1-2-309,合同会社ミニクル,5355225870593921,06/29,862409505734
篠原 真人,しのはら まひと,44,1981年06月10日,男,A,shinohara_610@example.jp,0463-50-0683,050-0458-2159,225-3802,神奈川県横浜市南区大岡1-2-1202,株式会社ヨシケン,5344836086695609,11/28,395449498024
三枝 紘和,さえぐさ ひろかず,45,1979年08月24日,男,A,saegusa824@example.ne.jp,046-141-1096,080-2368-9935,220-5585,神奈川県川崎市幸区南加瀬1-1-10エヌヴィ111,ササキインターナショナル合同会社,5461199495243066,04/27,157092826100
山内 千佳,やまうち ちか,72,1952年11月23日,女,A,yamauchi1123@example.org,03-7413-7757,080-6692-4399,186-0655,東京都大田区下丸子1-1-103,,373789150026711,12/28,665823858142
木村 みゆき,きむら みゆき,77,1948年03月03日,女,O,miyuki_kimura@example.net,03-2164-8102,080-8506-1696,118-2873,東京都荒川区西日暮里2-4-21,,3574658724079574,03/26,364622582386
倉澤 順子,くらさわ じゅんこ,51,1974年04月30日,女,O,junkokurasawa@example.co.jp,03-6324-8143,050-4817-1308,194-1119,東京都立川市柴崎町4-3-10,,3534748192581109,07/30,328728915329
西村 恭平,にしむら きょうへい,57,1967年12月29日,その他・不明,A,nishimura1229@example.jp,03-8683-5260,050-5257-7299,122-8062,東京都西東京市新町1-1-506ラウムズ602,株式会社スイッチ,5387556663675323,10/29,139645313818
中原 佳宏,なかはら よしひろ,20,2005年06月30日,男,A,nakahara_yoshihiro@example.org,0125-27-9911,050-0447-5679,067-1151,北海道千歳市日の出3-3-5,三重県畜産振興合資会社,372235556685313,01/27,314288302019
浅井 英雄,あさい ひでお,67,1958年06月29日,男,O,asai_629@example.co.jp,0463-61-0921,080-2022-9472,254-5115,神奈川県横浜市中区相生町3-5-807ビプレイス709,,5448841474708662,07/26,203198861535
古橋 慶,ふるはし けい,72,1953年05月15日,その他・不明,A,keifuruhashi@example.org,03-6343-7818,090-8802-0513,120-2671,東京都中央区日本橋本石町4-2-10,,4315096264307778,10/28,887171878491
松井 克俊,まつい かつとし,75,1950年05月31日,男,O,matsui_katsutoshi@example.com,03-9862-3047,050-1686-4205,180-6714,東京都豊島区長崎3-1-5,,3583587211990168,02/27,579595604344
今西 陽一,いまにし よういち,71,1954年04月16日,男,O,imanishiyouichi@example.ne.jp,0796-39-5470,090-0417-7890,677-1248,兵庫県神戸市中央区野崎通2-1-8,,5105939616937571,02/29,500711416300
黒柳 快,くろやなぎ かい,23,2002年03月17日,男,A,kuroyanagi317@example.ne.jp,03-0628-1840,050-5616-0643,144-5671,東京都港区西麻布3-3-10ロイヤルハイツ613,株式会社太陽,3567818687279400,04/28,401595125809
棚橋 貴子,たなはし たかこ,54,1971年04月26日,女,O,takako_tanahashi@example.org,0494-52-3239,070-4727-3146,342-2227,埼玉県川口市本町2-2-4,株式会社マイルストーン,3584188625144648,02/27,902176148300
西 央,にし ひろし,80,1945年02月17日,男,B,nishi_217@example.jp,098-383-9944,070-3831-0437,903-8980,沖縄県那覇市おもろまち1-5-209,,5328731133115026,11/27,513671467814
岡部 まり子,おかべ まりこ,46,1979年02月27日,女,B,okabe_227@example.ne.jp,01586-2-4580,080-8899-0201,045-2061,北海道札幌市中央区南一条東1-4-22,合同会社鮨小野,5101577459730762,06/30,459125402537
峯村 あゆみ,みねむら あゆみ,23,2001年09月18日,女,O,ayumi_minemura@example.ne.jp,0285-45-5056,090-3192-0756,323-0340,栃木県足利市伊勢町2-4-10,窪田製菓合資会社,3528576639430814,12/28,059985541862
荒井 裕樹,あらい ゆうき,36,1989年06月05日,男,A,araiyuuki@example.org,0283-64-6268,050-6289-2309,328-5717,栃木県真岡市さくら1-2-22,尾鷲印刷合資会社,5346201872079385,12/29,518864602451
赤木 純一,あかぎ じゅんいち,69,1955年09月10日,男,A,junichi_akagi@example.ne.jp,03-6547-6766,050-9622-6532,104-6009,東京都千代田区九段南1-1-10,,5274583364608003,10/29,475994067476
海老原 貴幸,えびはら たかゆき,22,2002年09月28日,男,A,ebihara928@example.org,0836-15-6047,070-9599-8266,742-6305,山口県岩国市山手町2-1-4,有限会社和幸,372553576836900,01/29,854101340553
渡邉 司,わたなべ つかさ,53,1972年06月14日,男,O,watanabe_tsukasa@example.jp,0463-26-1712,080-9590-0614,258-4061,神奈川県横浜市青葉区あざみ野2-3-4,,4053276699642231,06/29,713268996385
吉藤 拓也,よしふじ たくや,51,1973年08月01日,男,B,yoshifujitakuya@example.co.jp,0554-59-0192,080-4937-9690,401-1657,山梨県甲府市中央3-2-6,,4852109786605493,10/26,279699727029
高澤 芙美,たかざわ ふみ,57,1967年12月20日,女,A,fumi_takazawa@example.com,06-1462-6704,080-6895-3480,559-7447,大阪府大阪市東淀川区淡路4-1-6,有限会社ミック,371009385126133,11/28,751261155074
谷 知子,たに ともこ,40,1985年02月27日,女,A,tani227@example.net,0466-03-1889,070-6256-2771,255-5490,神奈川県川崎市多摩区西生田1-3-12,株式会社M,3572792542947290,11/26,097718735053
池本 勝也,いけもと かつや,73,1952年01月29日,男,A,ikemoto_katsuya@example.ne.jp,011-685-6274,070-1108-0517,060-0772,北海道夕張郡栗山町中央4-3-7,,4752972937942938,10/25,644014280400
後藤 智子,ごとう ともこ,76,1949年07月19日,女,A,tomoko_goto@example.jp,0466-81-5445,090-9183-9404,252-6314,神奈川県相模原市緑区相原1-1-10,,375173647880154,01/26,372996890591
渡辺 裕子,わたなべ ゆうこ,75,1949年10月26日,女,A,watanabeyuuko@example.co.jp,0467-19-0879,080-1851-9154,230-2418,神奈川県綾瀬市落合南4-1-9,,5369918088349466,08/27,709685896027
岩丸 雅史,いわまる まさし,68,1957年07月21日,男,B,masashiiwamaru@example.co.jp,049-472-1509,080-4726-4496,333-9838,埼玉県鴻巣市本町3-2-706,,5343104112616490,09/25,343483799130
山下 勝,やました まさる,30,1994年08月02日,男,B,masaru_yamashita@example.ne.jp,0790-08-7767,080-8986-4218,660-0361,兵庫県神戸市長田区長田天神町4-3-5,有限会社アドバンス,3578063267588048,12/27,225278192107
西本 豊和,にしもと とよかず,73,1952年06月07日,男,B,nishimototoyokazu@example.com,0144-11-4778,070-1149-1088,085-8480,北海道札幌市白石区東札幌一条1-2-4,,4177364841503021,07/28,014407033281
遠藤 知治,えんどう ともはる,58,1967年01月17日,男,B,endou_tomoharu@example.co.jp,03-0542-6160,080-6858-1728,181-9200,東京都西東京市向台町1-4-15,有限会社幸和,5219061792056226,02/30,392077593883
藤井 典子,ふじい のりこ,68,1956年08月28日,女,A,norikofujii@example.co.jp,0532-29-1219,080-5620-2464,472-2110,愛知県名古屋市西区城西4-1-9,,5547678359959881,11/25,907551493763
斉藤 浩行,さいとう ひろゆき,51,1974年05月28日,男,O,saito_528@example.co.jp,03-8845-4625,090-9317-0261,133-7444,東京都千代田区九段北3-2-22,合同会社新技術つくば,4118340688984567,01/27,066029719935
中本 博光,なかもと ひろみつ,26,1998年10月01日,男,A,nakamotohiromitsu@example.net,0948-98-5274,080-5779-5145,837-5084,福岡県福岡市中央区天神4-2-6,野崎運輸有限会社,4456864872182050,04/30,933258829049
蟹澤 亮介,かにさわ りょうすけ,79,1946年05月27日,男,B,ryousuke_kanisawa@example.ne.jp,06-3007-9158,050-5824-9562,593-2365,大阪府豊中市庄内東町1-2-4,,377155038299266,02/26,718583327779
黒川 智久,くろかわ ともひさ,61,1963年09月29日,男,B,tomohisa_kurokawa@example.org,03-2159-2668,050-7953-3900,151-1028,東京都台東区上野4-3-4,,3546896707908139,04/26,664361372250
吉田 幸恵,よしだ ゆきえ,28,1997年05月09日,女,B,yoshida_yukie@example.co.jp,0475-26-2355,080-5919-5951,270-2506,千葉県千葉市稲毛区穴川3-4-7,田﨑醤油合資会社,3532067531874527,09/25,456900497168
窪田 司,くぼた つかさ,66,1959年04月02日,男,B,kubota42@example.co.jp,083-266-0644,070-5979-2643,754-8532,山口県山口市小郡新町2-2-10ハーティネス514,,3572368692928594,02/26,411107003797
近藤 武,こんどう たける,52,1973年04月20日,男,A,kondou_420@example.org,03-8294-9476,070-6950-6094,170-3410,東京都青梅市友田町1-3-605ファミール204,株式会社フォーユー,4127071945307677,06/30,116629189821
青山 奈緒美,あおやま なおみ,41,1984年06月22日,女,O,aoyamanaomi@example.jp,03-6355-8930,070-5269-9216,186-5133,東京都中野区野方3-1-9,合名会社平田屋,5500702066174793,03/26,691529755484
松岡 幸子,まつおか さちこ,52,1972年10月10日,女,A,matsuokasachiko@example.co.jp,03-2343-2915,070-4433-6482,189-5155,東京都杉並区浜田山3-1-6,共栄建設株式会社,375096755957052,08/29,472656760728
坂下 つぐみ,さかした つぐみ,59,1966年01月28日,女,A,sakashita128@example.org,0943-85-2258,050-4274-8702,839-5013,福岡県福岡市早良区野芥3-3-1104,,4228833364327538,08/25,861952852685
本田 徹朗,ほんだ てつろう,42,1982年10月20日,男,A,tetsurouhonda@example.net,0946-73-8490,090-0245-5799,838-2410,福岡県福岡市城南区別府4-2-5ローレルスクエア114,株式会社信和,5427397579615406,12/25,376070415690
浅香 誠,あさか まこと,41,1984年06月27日,男,B,makotoasaka@example.co.jp,0466-82-7302,090-7436-9160,253-7673,神奈川県相模原市南区相模台2-2-21ツウィング805,株式会社グローイング,370096201767860,03/28,113471092460
山田 出,やまだ いずる,34,1990年09月15日,男,A,yamada_915@example.org,0493-61-7338,050-5959-4098,347-8461,埼玉県川越市伊勢原町1-4-15,有限会社オリジン,375179114233645,03/29,726538037290
村越 京子,むらこし きょうこ,28,1997年02月24日,女,B,murakoshikyouko@example.ne.jp,0826-31-4413,070-8419-1453,739-4497,広島県広島市安佐南区山本2-3-3,合名会社三寶農村加工場,373364916424731,03/29,216721609262
西山 育美,にしやま いくみ,38,1986年08月03日,女,A,nishiyama83@example.co.jp,046-114-0166,090-9972-2967,210-2360,神奈川県横浜市磯子区森1-1-11,合名会社高橋工材,5594160301658087,04/26,011299300759
坂上 奈緒美,さかがみ なおみ,49,1975年11月30日,女,A,sakagaminaomi@example.net,03-0731-2954,070-9295-7166,198-0360,東京都新宿区高田馬場1-1-20,,3553098704544203,11/27,722465869360
上村 知広,うえむら ともひろ,30,1994年10月13日,男,O,tomohirouemura@example.net,0947-21-3081,080-9301-0607,803-6571,福岡県福岡市早良区次郎丸3-1-6,合名会社アマリリス,5529428994965873,07/28,291119277757
藍 仁,あい ひとし,43,1982年07月01日,男,O,aihitoshi@example.net,044-931-6619,090-9980-4375,255-3482,神奈川県横浜市南区六ツ川1-2-3,有限会社泉商事,4892668588819323,12/27,867662649027
松下 晃裕,まつした あきひろ,54,1971年03月26日,男,O,matsushitaakihiro@example.com,0438-05-4087,090-4956-2495,286-3288,千葉県松戸市小金原3-5-20,,371049084103926,04/29,124594879644
松尾 大樹,まつお たいき,65,1959年07月31日,男,B,taikimatsuo@example.ne.jp,0289-46-7805,090-9208-2783,324-7176,栃木県足利市伊勢町2-4-309,,5307334940879994,12/28,414088500406
藤井 広一郎,ふじい こういちろう,42,1982年08月11日,男,A,koichirou_fujii@example.co.jp,0565-93-9444,070-4229-8136,490-9724,愛知県名古屋市中村区太閤通3-1-7,有限会社太陽商事,378769527768273,09/28,482336470433
伊藤 諒子,いとう りょうこ,62,1963年06月05日,女,B,ito65@example.co.jp,0493-94-5284,050-7619-8095,347-0796,埼玉県川口市南鳩ヶ谷1-4-605ローレルコート403,,3555959710641721,03/30,426405226909
泉 格,いずみ ただし,49,1975年08月31日,男,AB,izumi_831@example.com,0463-79-6047,080-2066-9292,243-6277,神奈川県横浜市鶴見区鶴見中央3-5-7,株式会社和興,5283129240192793,06/28,962397205130
桑原 伸司,くわばら しんじ,27,1997年12月23日,男,A,shinjikuwabara@example.jp,03-2424-0754,050-0284-1236,180-8423,東京都文京区湯島4-2-10ディーレスティア401,合名会社東洋莊,3530815407557978,11/26,430463416189
嶋津 真太郎,しまづ しんたろう,26,1998年12月15日,男,B,shimazushintarou@example.co.jp,0493-79-1599,090-5148-4463,343-4872,埼玉県所沢市緑町1-5-4,田中産業株式会社,5586989425322125,08/25,342995386419
山田 亜美,やまだ あみ,56,1969年03月15日,女,O,yamada_ami@example.jp,03-5123-4119,070-1662-7597,208-3548,東京都品川区東五反田1-5-18,有限会社アスカ,4853464828712180,10/29,089687273738
細井 大作,ほそい だいさく,59,1965年09月10日,男,B,hosoi_910@example.org,0952-54-0919,050-7313-2221,843-8551,佐賀県佐賀市兵庫南2-1-4,株式会社協和,5476226373411391,04/30,766980648888
山本 克徳,やまもと かつのり,24,2000年12月24日,男,B,yamamoto1224@example.co.jp,089-126-4628,070-1598-9915,798-0917,愛媛県松山市三番町2-4-704,株式会社田中工務店,4938402735885391,08/26,284271405080
齊藤 亨,さいとう とおる,61,1963年09月23日,男,A,saito_tooru@example.co.jp,03-9554-6731,080-0693-7190,116-9390,東京都目黒区八雲3-3-22,,5494007352683582,07/29,531531638986
福永 ゆかり,ふくなが ゆかり,40,1984年11月04日,女,B,yukarifukunaga@example.com,0463-52-2277,080-3395-6898,217-9270,神奈川県平塚市真田1-5-601,合資会社メンズシヨツプマセ,379860313781106,06/30,156916703694
浅井 康明,あさい やすあき,62,1962年11月29日,男,O,yasuakiasai@example.com,03-8346-3599,070-3908-9228,146-8773,東京都世田谷区桜上水1-4-11,,3549038196368601,01/30,715389474273
古海 武史,ふるみ たけふみ,20,2005年06月23日,男,A,furumi623@example.net,03-5864-6565,050-0711-6269,186-6821,東京都台東区蔵前3-1-7セントポリア501,有限会社三河屋,373937266925769,01/29,727947608166
芳賀 幹雄,はが みきお,44,1980年09月08日,男,A,haga_98@example.jp,03-7445-7421,080-1307-4595,198-4965,東京都中央区銀座3-5-606,有限会社フリースタイル,4937651110309093,04/28,785170235336
岡崎 幹,おかざき かん,63,1962年07月02日,男,A,okazaki72@example.org,0829-35-4016,050-5091-8753,727-5192,広島県広島市安佐南区緑井2-3-15,,3588437142353711,01/29,637990264528
北村 修一,きたむら しゅういち,72,1953年06月23日,男,B,kitamura623@example.co.jp,0568-15-7532,080-6693-8151,490-2314,愛知県豊田市大林町2-3-12,,4995018265618927,09/26,114345017734
久下 太一,くげ たいち,48,1976年11月07日,その他・不明,A,kuge_117@example.jp,06-8129-7559,090-2527-0580,571-1845,大阪府大阪市西区新町3-3-18,,3547948600205482,10/26,405976000684
加川 美波,かがわ みなみ,37,1988年02月12日,女,A,kagawa_minami@example.co.jp,06-9521-4315,070-0736-4297,531-8660,大阪府大阪市北区中之島1-1-1007,株式会社東亜,379257821798401,03/26,693196443512
品川 慎介,しながわ しんすけ,60,1965年06月25日,男,B,shinagawa625@example.org,03-4851-1146,090-6150-9162,101-7779,東京都板橋区高島平3-5-4,株式会社メディック,5501295047242234,08/26,666957866466
米内 哲,よない さとし,76,1948年11月12日,男,A,yonai1112@example.com,03-4730-6289,070-9941-3089,162-6237,東京都世田谷区世田谷1-1-4,,4036004820511972,10/29,019050531018
清川 真也,きよかわ しんや,36,1988年08月23日,男,A,shinyakiyokawa@example.com,03-3401-5403,090-5086-8501,109-3246,東京都豊島区池袋1-1-12,小菅木材合資会社,376296546573064,08/28,196359964490
伊藤 翔太,いとう しょうた,58,1967年02月20日,男,AB,shouta_ito@example.jp,03-1421-1161,090-8603-6370,145-9630,東京都江戸川区中葛西1-1-6,合名会社滝野コンスターチ工業所,3569073175417603,06/29,545137887785
一瀬 昭子,いちのせ あきこ,79,1945年09月02日,女,B,akikoichinose@example.net,03-7849-0828,080-5660-4965,129-8731,東京都渋谷区広尾4-1-4,,5360774090847859,01/28,005257716645
島尻 裕一朗,しまじり ゆういちろう,58,1967年05月14日,男,AB,shimajiri514@example.net,0969-72-6313,080-4283-0867,860-9865,熊本県熊本市中央区大江3-3-10,有限会社フジ,4045162303263401,04/30,395689271680
水野 みち子,みずの みちこ,36,1989年04月12日,女,O,michiko_mizuno@example.com,03-3211-9242,070-0299-4591,166-7892,東京都江戸川区瑞江2-3-4,株式会社和幸,5213615150143847,12/28,727442882891
横田 奈々,よこた なな,53,1972年03月07日,女,A,nanayokota@example.co.jp,03-4434-5552,070-2875-7260,120-6460,東京都荒川区西尾久4-3-3,有限会社マーキュリー,379412054860945,08/29,971827089201
中原 由香,なかはら ゆか,60,1964年08月07日,女,A,nakahara87@example.net,0163-73-5577,050-3881-6246,091-7819,北海道札幌市南区澄川二条1-2-8,株式会社丸高,4028243281400669,04/28,557713977181
児玉 奈穂子,こだま なほこ,24,2000年08月20日,女,O,nahokokodama@example.net,0897-58-0920,090-1354-7583,798-3939,愛媛県新居浜市中村2-3-8,有限会社オグラ,3557277074934055,03/27,957501259252
田嶋 護,たじま まもる,74,1951年05月10日,男,B,mamorutajima@example.net,01377-8-6885,090-9713-8629,078-6962,北海道札幌市北区新琴似八条2-1-9ユニーブル712,,377099339397843,03/28,354076578440
磯野 豊,いその ゆたか,72,1952年11月05日,男,O,yutakaisono@example.net,03-2654-7069,070-1155-3520,209-3776,東京都足立区足立3-4-1104,,4428198583436447,08/27,522208487171
古川 怜子,ふるかわ さとこ,40,1985年07月05日,女,O,satoko_furukawa@example.org,0531-34-7233,080-3977-8271,498-7681,愛知県春日井市東野町4-1-8エスト501,さくら土地開発合同会社,376328197147722,09/26,061147671171
池田 友里恵,いけだ ゆりえ,47,1977年10月24日,女,A,ikeda_1024@example.com,03-1541-1278,080-8874-4969,166-1736,東京都小金井市前原町1-2-10,株式会社山田組,377291543654040,11/25,095781115860
町田 有希,まちだ ゆき,29,1995年09月03日,女,B,machidayuki@example.net,01655-9-0451,090-3138-1205,088-3872,北海道札幌市厚別区大谷地東2-3-8,株式会社アクティス,372014968540980,05/26,648299668142
佐藤 綾子,さとう あやこ,58,1967年05月27日,その他・不明,B,ayako_sato@example.com,0532-53-5036,070-7995-7430,458-6190,愛知県名古屋市中村区名駅1-5-4,株式会社タカミ,5444438835023529,05/29,077274390126
伊達 健太郎,だて けんたろう,44,1980年11月11日,男,O,datekentarou@example.jp,03-7260-5192,080-3819-1251,200-4485,東京都江戸川区西一之江3-1-4,株式会社クリエイト,4350717101417183,08/27,550645657144
坂田 知子,さかた ともこ,27,1997年09月27日,その他・不明,B,tomoko_sakata@example.co.jp,0195-30-5193,070-1289-9559,021-0704,岩手県盛岡市上堂1-1-203,株式会社スギヤマ,376975139427594,08/29,065231745968
杉山 昇平,すぎやま しょうへい,72,1952年11月07日,男,B,shouhei_sugiyama@example.net,046-316-2217,090-6315-0518,245-5544,神奈川県横浜市港北区樽町3-2-3,,5314365974714195,08/26,383162007072
伊藤 宏文,いとう ひろふみ,40,1985年01月31日,男,O,ito_131@example.com,0466-47-1734,080-1883-3921,245-9552,神奈川県横浜市磯子区杉田3-1-907,有限会社グローリー,4757299313325453,11/29,479893735716
田村 美沙子,たむら みさこ,30,1994年12月03日,女,B,misakotamura@example.com,0946-88-0564,070-1229-1598,837-6231,福岡県福岡市東区松崎1-1-9,有限会社アスカ,3555320783307197,01/27,589350892021
中野 明彦,なかの あきひこ,23,2002年01月10日,男,A,akihikonakano@example.net,0493-79-1877,070-2534-0475,333-7049,埼玉県朝霞市溝沼2-2-6,三重木材合資会社,4084436170526963,12/25,141766350324
大西 隆史,おおにし たかし,59,1965年09月11日,その他・不明,A,onishitakashi@example.net,06-2543-2129,050-0804-5517,543-9205,大阪府大阪市中央区平野町2-4-1101トーカンキャステール416,有限会社大和屋,5421010238573058,04/26,308275515471
池嶋 敏郎,いけじま としろう,29,1996年02月21日,男,A,ikejimatoshirou@example.com,0562-57-2662,080-0517-2136,456-7951,愛知県名古屋市昭和区元宮町3-4-6,三和産業株式会社,375919709060550,09/29,391959795214
橋爪 史郎,はしづめ しろう,49,1975年10月25日,男,A,hashizume_shirou@example.jp,0224-75-0015,090-9197-3268,984-4142,宮城県石巻市南中里3-2-14,,373508319474145,02/29,468786524697
島田 直子,しまだ なおこ,29,1996年06月17日,その他・不明,B,shimadanaoko@example.org,03-2852-9472,070-9212-6440,162-9872,東京都西東京市向台町1-4-15,有限会社朝日商事,374712212799538,06/29,673647958162
伊藤 志野,いとう しの,62,1963年07月03日,女,O,shino_ito@example.net,01656-6-6160,070-0954-9943,005-7407,北海道札幌市西区八軒九条東2-1-4サンライズ207,,377588168578309,05/26,640456348571
深谷 耕治,ふかや こうじ,51,1973年11月03日,男,B,fukaya113@example.jp,0946-00-3967,050-2018-4170,830-4103,福岡県福岡市博多区美野島2-1-6モンテベルデ408,有限会社池田商店,372989874536182,12/29,432072462979
今村 恵美,いまむら えみ,21,2004年03月01日,女,A,imamuraemi@example.com,03-4004-8272,090-1752-5593,164-3409,東京都港区芝浦4-1-3,,5419886620557724,12/27,588750297371
愛川 和久,あいかわ かずひさ,28,1996年07月26日,男,A,aikawa_kazuhisa@example.net,079-232-6518,080-0495-4614,655-1879,兵庫県西宮市西宮浜3-2-206,有限会社清和,4776098330834407,05/26,700040729897
黒柳 丈士,くろやなぎ たけし,68,1957年01月05日,男,A,kuroyanagi_takeshi@example.org,0538-13-7883,090-3542-3223,434-8352,静岡県静岡市清水区蒲原4-2-6,,374474963768911,03/29,013469572069
野畑 宗治,のばた そうじ,68,1957年03月23日,男,A,nobatasoji@example.ne.jp,0144-95-2129,050-0196-4202,094-9080,北海道札幌市北区北三十一条西3-4-901,,4755240469578083,05/26,140013632711
井上 慎太朗,いのうえ しんたろう,34,1991年03月24日,男,B,inoue_324@example.com,03-8202-6304,090-6286-0764,149-1059,東京都練馬区関町北1-2-4,合同会社スズメエンタープライズ,4250695101767982,01/26,565059255263
高倉 隆宏,たかくら たかひろ,66,1958年11月11日,男,O,takakuratakahiro@example.org,0466-92-8641,090-1023-2191,227-5747,神奈川県川崎市多摩区菅2-5-11,,4474844194322418,06/29,979117900017
生田 利明,いくた としあき,76,1948年11月06日,男,O,ikuta_116@example.com,06-4455-7575,080-9917-6718,598-8716,大阪府大阪市西区南堀江1-1-9,,3586985109142180,11/28,530592015462
伊藤 隆史,いとう たかし,80,1945年05月29日,男,B,ito_529@example.jp,0476-36-6720,090-2028-5615,288-0297,千葉県木更津市請西南2-1-408,,3577894653039407,03/28,375590554026
石野 啓二,いしの けいじ,44,1980年09月06日,男,B,ishino_keiji@example.com,06-5051-2493,090-8000-7611,550-9730,大阪府大阪市住之江区安立1-5-1006,有限会社酒井商店,373379352098427,11/27,349197186308
元永 美紀,もとなが みき,27,1998年02月07日,女,O,motonagamiki@example.com,03-4720-7486,050-9596-7245,156-2007,東京都葛飾区東新小岩2-4-18,有限会社アオキ,3574483189237116,01/29,299655199670
武田 篤子,たけだ あつこ,76,1948年10月01日,女,A,takeda_101@example.org,03-1537-6945,080-8102-7501,209-2171,東京都目黒区目黒本町3-1-4,,5107100697591344,07/29,150465343143
佐々木 麻理,ささき まり,22,2002年11月05日,女,A,sasaki_115@example.co.jp,03-4374-0426,050-4075-5768,171-7718,東京都千代田区麹町3-5-109,有限会社飛翔,3584332524023244,10/26,689684024734
毛利 陽子,もうり ようこ,20,2005年05月24日,女,O,youko_mouri@example.org,06-3436-9650,070-3361-5176,551-4032,大阪府大阪市中央区内久宝寺町1-1-8,昌光洗滌合資会社,5583893274204561,12/27,238686151707
堤 隆幸,つつみ たかゆき,30,1995年07月19日,男,A,takayukitsutsumi@example.com,03-5429-6781,070-3610-7679,159-6947,東京都江東区豊洲3-3-8,株式会社MIRAI,5570133674854425,04/30,984794777934
石黒 龍一,いしぐろ りゅういち,36,1989年05月22日,男,O,ishiguroryuuichi@example.co.jp,03-9823-6205,080-3957-3822,132-3251,東京都世田谷区上馬2-4-905,有限会社山本建設,3584583800900808,05/27,561912926127
蜂須賀 綾子,はちすか あやこ,65,1960年07月19日,女,A,hachisukaayako@example.co.jp,0495-77-4126,050-4071-5718,336-6495,埼玉県さいたま市南区辻4-1-5コボリクラスタ202,,5224259944394437,01/28,260538490280
鈴木 俊一,すずき しゅんいち,71,1954年06月15日,女,AB,suzuki_shunichi@example.com,06-0215-9555,090-4410-7870,588-5436,大阪府松原市三宅中3-1-12シティテラス216,,3581405023623210,08/26,862821812412
樋口 真理,ひぐち まり,52,1973年06月11日,女,B,mari_higuchi@example.org,045-152-1841,090-2765-7404,236-5965,神奈川県相模原市南区南台2-3-909,有限会社タケダ,4695408451407511,09/27,954335073367
柳 洋幸,やなぎ ひろゆき,48,1976年12月29日,男,O,yanagihiroyuki@example.jp,09802-3-4212,070-6054-8295,901-0038,沖縄県浦添市城間1-3-6ドルミ502,株式会社アドニス,3551049835697396,04/28,306495080279
小林 彰,こばやし あきら,40,1984年12月28日,男,B,akirakobayashi@example.ne.jp,03-1517-3148,090-4180-3169,154-7934,東京都中央区日本橋本町3-5-1206,有限会社光洋,3573571815227906,08/28,070266729411
澤田 豊,さわだ ゆたか,44,1981年05月09日,男,AB,yutaka_sawada@example.org,03-6447-0041,070-5917-9738,184-1009,東京都港区新橋3-1-4,有限会社イシカワ,3589967981810826,03/30,358140380565
奥田 秀敏,おくだ ひでとし,46,1978年09月25日,男,A,hidetoshiokuda@example.jp,0829-54-9829,050-1885-8620,733-9116,広島県福山市北吉津町3-3-6,有限会社共和,377306679956967,06/28,836867834649
松尾 純平,まつお じゅんぺい,80,1945年06月28日,男,B,matsuo_628@example.org,03-7809-7695,070-3318-1241,194-3882,東京都港区芝3-2-11ベルシャトウ809,,373186479250702,07/29,339510464882
青山 恵里香,あおやま えりか,31,1993年08月21日,その他・不明,B,aoyama821@example.net,0531-50-1480,090-1182-9966,461-1543,愛知県名古屋市東区砂田橋1-2-6,三鳥木材産業合資会社,5439051130001624,12/29,669790920764
武田 章子,たけだ あきこ,49,1975年11月07日,女,A,akiko_takeda@example.com,0478-92-9331,070-9831-0277,278-6771,千葉県柏市柏1-1-22,有限会社ユニオン,3570003449653375,04/30,082190742101
安東 孝行,あんどう たかゆき,23,2001年12月31日,男,O,andou1231@example.ne.jp,03-0803-9119,080-0318-5591,179-0152,東京都府中市本町2-1-802ビューハイツ111,合同会社アセットプランニング,3586551689169371,02/27,412898911523
嘉藤 真由美,かとう まゆみ,26,1998年10月09日,女,O,mayumikato@example.co.jp,045-688-5355,050-0736-5235,253-2006,神奈川県横浜市旭区中白根3-1-22,有限会社サンク,374819662875021,12/28,272940032903
川田 舞,かわた まい,65,1959年10月06日,女,AB,kawatamai@example.org,0135-45-2036,080-6306-9973,050-0072,北海道札幌市厚別区厚別北二条1-1-703,,5423719732385326,03/28,685093807653
森本 大,もりもと だい,78,1947年06月05日,男,B,dai_morimoto@example.org,06-4218-3518,080-0264-2487,565-6007,大阪府大阪市淀川区宮原1-5-308,,5505226490480548,09/28,681785386954
井手 督,いで ただし,57,1968年06月21日,男,O,tadashi_ide@example.org,03-7354-7740,070-2557-4202,191-7715,東京都新宿区四谷1-4-18,有限会社山崎商店,3560398081248837,08/25,336582238950
鈴木 裕一郎,すずき ゆういちろう,33,1992年05月14日,男,AB,suzuki_514@example.co.jp,06-0496-7473,090-7017-7318,566-8732,大阪府大阪市東淀川区下新庄3-3-303サンワプラザ509,株式会社スパーク,379347738578820,03/28,635802184170
伊東 彰宏,いとう あきひろ,28,1997年03月23日,男,O,ito323@example.com,084-234-8613,090-2865-2604,736-8688,広島県廿日市市沖塩屋4-3-7,株式会社クオリア,377433092228616,05/29,165724629589
松本 剛史,まつもと たけし,28,1997年05月20日,男,B,takeshimatsumoto@example.co.jp,0791-97-2817,050-2399-7028,677-6395,兵庫県神戸市東灘区魚崎中町2-3-6アンビエント712,株式会社アミューズ,3530582573383106,04/27,152092243421
原 かおる,はら かおる,51,1974年05月25日,女,A,hara525@example.net,06-4199-0192,070-5319-4707,533-8764,大阪府大阪市住吉区我孫子2-2-102,株式会社丸忠,3539849356546857,09/26,830676406312
小田 貴広,おだ たかひろ,56,1969年05月26日,男,AB,oda_takahiro@example.jp,0568-98-1642,080-1875-1122,485-1278,愛知県名古屋市中区大須1-2-1205,,4557699031535899,01/30,695634318150
江藤 武俊,えとう たけとし,64,1960年09月04日,男,O,eto_taketoshi@example.ne.jp,06-8500-2380,090-7384-7410,540-2089,大阪府大阪市淀川区西中島4-3-7,,3538978374813915,04/26,092969946558
牧野 妙子,まきの たえこ,25,2000年01月27日,女,O,makino_127@example.jp,0164-92-8847,070-4184-5092,094-3033,北海道名寄市大通南3-3-3,,4220190881774884,06/28,483729747131
太田 美幸,おおた みゆき,73,1952年07月07日,女,B,ota_miyuki@example.co.jp,0467-72-5418,080-2366-4075,247-9711,神奈川県横須賀市根岸町1-5-21,,4201604603170224,06/27,832215240741
川内 泰正,かわうち やすまさ,25,1999年08月30日,男,A,kawauchi_yasumasa@example.ne.jp,03-2243-5241,070-0063-0739,156-0526,東京都世田谷区鎌田2-2-12,合名会社伊勢ミシン商会,378082713402834,12/27,532725510820
平賀 千恵子,ひらが ちえこ,39,1985年08月02日,女,A,chieko_hiraga@example.com,03-3407-8117,050-1900-9937,194-2458,東京都港区六本木2-2-11,合名会社小池商店,3546878870791344,02/27,813202308164
松本 佳奈,まつもと かな,35,1989年07月24日,女,O,matsumoto_kana@example.jp,06-4877-7939,050-0745-1632,531-8629,大阪府八尾市山本町南1-2-14,株式会社ファイブ,3538734472190338,02/26,972303058771
米山 大地,よねやま だいち,79,1945年08月09日,男,O,yoneyama_daichi@example.net,022-589-5101,070-8372-5754,981-9527,宮城県仙台市青葉区中央1-3-5,,4040544760609322,09/27,632251068344
小島 透,こじま とおる,76,1949年04月23日,男,B,toorukojima@example.ne.jp,0943-51-0544,080-7503-2126,833-6392,福岡県福岡市博多区中洲1-3-9,,3532910793103228,04/30,557813471641
清水 栄子,しみず えいこ,58,1967年06月04日,女,O,shimizu_64@example.co.jp,0572-01-0355,090-5295-4193,508-3453,岐阜県関市平和通3-3-14,株式会社テクニカ,371424694257497,08/29,686793486544
高岡 慎吾,たかおか しんご,26,1998年09月05日,男,B,takaoka_95@example.co.jp,03-8703-5661,070-7416-0804,106-1515,東京都中央区銀座2-1-3,中村工業株式会社,3530090705906083,12/28,711909955169
山田 寛之,やまだ ひろゆき,72,1952年11月12日,男,O,hiroyuki_yamada@example.jp,0460-60-4345,070-6805-0519,238-6257,神奈川県大和市中央林間1-2-8ネオディ712,,5113523191796931,02/26,667881993915
河田 大輝,かわた たいき,62,1962年08月27日,男,O,kawatataiki@example.com,0172-89-9385,080-0138-3167,039-6970,青森県弘前市大字城東3-2-8,,3529360733861706,01/27,193306144122
水野 晴佳,みずの はるか,72,1953年01月01日,女,B,haruka_mizuno@example.ne.jp,08477-0-7627,070-8290-1793,737-8492,広島県呉市中通3-2-14サニーハイツ109,,3552760938272353,06/29,210021261518
新川 慎司,しんかわ しんじ,69,1956年06月24日,男,B,shinkawa_shinji@example.net,06-4616-5881,080-8473-3985,572-9845,大阪府吹田市千里山東1-5-9マークス408,,3574290525491780,04/26,965548741462
牛込 達也,うしごめ たつや,72,1953年01月27日,男,A,ushigome_127@example.com,0791-06-8489,090-2394-5450,653-9467,兵庫県神戸市灘区岸地通2-3-18コボリクラスタ107,,5311165440374605,03/27,046590983209
井上 登,いのうえ のぼる,24,2000年10月13日,男,A,inouenoboru@example.jp,0797-31-1989,050-0895-6031,657-4717,兵庫県尼崎市西難波町1-4-18,株式会社アールテック,3540620574439994,12/28,491639476590
高田 康子,たかだ やすこ,38,1987年01月08日,女,A,takada18@example.com,03-7941-5639,070-5665-1314,121-6632,東京都葛飾区東立石2-3-6,合名会社大東製材所,4735955404257577,10/25,164628886337
澤田 賢一,さわだ けんいち,66,1959年03月10日,男,O,sawadakenichi@example.net,0747-20-4780,090-6695-6645,637-5223,奈良県香芝市磯壁1-3-20メープル315,,5413301145998805,01/29,082373413824
津崎 睦,つざき むつみ,38,1986年10月23日,男,A,tsuzaki_mutsumi@example.org,03-3008-8533,080-0572-5610,193-8411,東京都目黒区下目黒3-2-9アーク112,株式会社ADVANCE,376621960727211,06/27,599031377888
上田 修一,うえだ しゅういち,61,1963年08月03日,男,O,ueda_83@example.org,03-3174-2765,090-0770-3216,159-3423,東京都目黒区碑文谷3-5-5,,3544656586165066,03/28,670004862533
田本 一馬,たもと かずま,63,1962年03月03日,男,A,kazuma_tamoto@example.co.jp,0479-98-2218,050-9345-3157,268-9286,千葉県柏市逆井3-5-12ハーティネス604,,371342762246103,04/27,540364371602
松本 耕司,まつもと こうじ,60,1965年05月17日,男,B,koji_matsumoto@example.net,0948-28-5541,070-3713-1506,800-4782,福岡県福岡市博多区博多駅前3-1-8,桜井運送有限会社,5334379650186269,04/27,256913937990
唐津 正博,からつ まさひろ,44,1981年02月01日,男,A,masahiro_karatsu@example.org,03-4935-3938,070-8636-8245,209-6862,東京都中野区江古田3-4-15,有限会社アクト,3547136618792333,05/30,218034512375
高野 和也,たかの かずや,38,1987年05月12日,男,A,kazuyatakano@example.com,048-572-5165,050-6283-9704,353-8299,埼玉県本庄市東台3-3-3,,5348086686661488,05/26,966047273902
田村 誉,たむら たかし,36,1988年08月16日,男,O,tamura_takashi@example.ne.jp,03-4384-1755,070-6983-6489,101-4091,東京都八王子市明神町1-4-1003,株式会社YAMATO,5235376132255936,10/27,460344239720
窪田 麻友,くぼた まゆ,32,1993年04月28日,その他・不明,O,kubota_428@example.ne.jp,06-7849-6807,070-8735-1145,583-1538,大阪府大阪市旭区赤川4-1-10,合同会社Ｆｏｌｌｏｗｉｎｇ,5594249356700561,06/27,253443000998
伊藤 賢,いとう けん,30,1994年09月15日,男,A,ito_915@example.ne.jp,0467-83-9359,070-2222-5624,217-8645,神奈川県横浜市鶴見区下野谷町3-3-401ダイアパレス507,合資会社入屋商店,4030164849101605,02/29,729377682742
中尾 彩子,なかお さいこ,49,1975年09月29日,女,A,nakaosaiko@example.org,0545-51-7541,080-1376-8527,421-5680,静岡県静岡市葵区大岩1-1-5チュリス704,有限会社ペガサス,377767922987952,10/27,237354957930
平岡 裕樹,ひらおか ゆうき,66,1959年04月04日,男,A,yuukihiraoka@example.co.jp,03-6873-2539,050-5327-7494,138-9401,東京都江戸川区一之江3-1-7,,375791349246422,03/26,228309743980
福田 弘毅,ふくだ こうき,64,1960年12月03日,男,O,fukuda123@example.com,0123-73-2263,070-7242-0560,074-8013,北海道札幌市北区北二十条西4-3-9,,3588064130164668,04/28,296173690793
成島 徹,なるしま とおる,43,1981年10月20日,男,A,narushimatooru@example.ne.jp,093-268-5881,070-5330-3730,808-7904,福岡県久留米市宮ノ陣3-2-7,合同会社Ｅｙｅｃｈａｒｔ,4553241213563748,05/29,704077008478
中俣 秀明,なかまた ひであき,80,1945年06月30日,男,O,nakamata630@example.net,03-3690-9473,070-8995-4213,200-9856,東京都渋谷区神宮前1-2-6,,5571471950602962,03/28,045025453445
佐藤 真琴,さとう まこと,21,2004年03月03日,女,O,makotosato@example.co.jp,06-8932-1962,090-0059-5948,546-8990,大阪府大阪市住之江区新北島4-2-5,,3552388166013040,09/25,041203133624
溝口 浩輝,みぞぐち ひろき,67,1957年08月15日,男,B,mizoguchi_815@example.jp,0257-00-2068,050-0542-6176,942-7413,新潟県長岡市宝3-2-17,,3562190671976812,07/27,005724265059
熊野 英樹,くまの ひでき,74,1951年03月13日,男,O,kumano_hideki@example.co.jp,01586-1-1265,080-3750-9218,066-5850,北海道旭川市東光二条2-2-6ソルステージュ206,,373124984632585,11/28,866111472510
小林 緑,こばやし みどり,68,1957年01月09日,男,B,midorikobayashi@example.com,0475-43-4687,080-2881-7680,297-4665,千葉県流山市美原2-4-12,,4717339738142262,08/29,644367158985
古屋 奨,ふるや しょう,26,1999年05月27日,男,AB,shou_furuya@example.net,0261-53-7416,050-6680-0003,380-0484,長野県松本市筑摩3-1-3,株式会社アリア,374533112381528,07/30,115018460248
滝沢 アキ,たきざわ あき,59,1966年02月01日,女,AB,aki_takizawa@example.com,03-2873-0460,070-5839-3247,201-4190,東京都中野区上鷺宮3-4-19,有限会社リバティー,375081877767803,01/26,877729619590
沼山 伸昭,ぬまやま のぶあき,25,2000年03月02日,男,O,nobuakinumayama@example.com,03-7338-9689,070-8698-6962,154-5996,東京都中野区野方1-3-21,株式会社佐藤商店,3571355460984843,01/27,811823305980
佐々木 啓,ささき けい,42,1983年05月18日,男,O,kei_sasaki@example.com,06-4837-9285,080-5244-6420,564-5836,大阪府大阪市淀川区宮原3-3-16,有限会社山口工務店,4862916051501134,03/29,885955033746
吉田 和哉,よしだ かずや,44,1981年07月20日,男,O,yoshida720@example.net,03-4959-5448,090-2944-2623,123-8492,東京都大田区大森西1-3-4,有限会社マインド,3537308399143505,06/29,400867125440
遠藤 律子,えんどう りつこ,49,1976年06月13日,女,A,endou613@example.net,0155-76-3120,080-6361-6765,085-7498,北海道石狩市花川北一条2-5-8,合資会社秀香園,3537751678022579,03/26,187916214050
三好 麻美,みよし あさみ,22,2002年10月09日,女,B,miyoshiasami@example.co.jp,03-6747-5161,050-7168-4093,124-9406,東京都江戸川区西小岩1-1-4セントファミーユ803,大宮工業合資会社,4589736091312496,10/26,212935518870
田崎 久,たさき ひさし,46,1978年09月11日,その他・不明,A,hisashitasaki@example.ne.jp,0796-36-0720,080-4095-5710,673-4881,兵庫県伊丹市春日丘1-3-8,株式会社サンワ,4887395714584681,10/29,813879973857
吉田 ひとみ,よしだ ひとみ,53,1971年12月01日,女,O,hitomiyoshida@example.jp,03-0089-4789,080-8961-9505,116-9824,東京都港区西麻布3-3-10モンテベルデ713,合同会社シーケンス,3553900182757241,09/28,681776961199
井上 弘和,いのうえ ひろかず,73,1951年08月19日,男,A,hirokazuinoue@example.com,0983-32-3400,070-4446-6132,882-5767,宮崎県延岡市古城町3-3-20,,3546315131674142,04/27,645145535167
三浦 明裕,みうら あきひろ,57,1967年12月03日,男,A,miura123@example.net,03-7209-3564,090-9199-0369,139-0378,東京都渋谷区恵比寿3-2-5,有限会社エンドレス,376151420231638,04/27,920505626330
橋田 綾乃,はしだ あやの,74,1951年05月07日,女,O,ayano_hashida@example.org,0885-47-4405,080-1478-4977,774-3657,徳島県徳島市津田本町3-2-602,,4109572597058155,09/25,984231383310
西口 由紀子,にしぐち ゆきこ,55,1970年04月16日,女,B,yukikonishiguchi@example.jp,0564-58-3425,050-5760-6718,451-6050,愛知県名古屋市名東区勢子坊3-1-5,株式会社正和,5483013253515140,06/28,487212494182
伊藤 祐美子,いとう ゆみこ,48,1976年09月26日,女,B,yumiko_ito@example.co.jp,03-4908-3505,080-3385-8394,176-8850,東京都杉並区西荻北3-3-4,合同会社岩井サービス,4294618716971961,09/26,582785553135
江藤 梨乃,えとう りの,23,2002年06月16日,女,A,rinoeto@example.co.jp,03-7984-7385,050-4357-1811,139-2682,東京都文京区白山1-4-18,,3556271335916242,04/29,215017359165
籾山 藍,もみやま あい,78,1947年01月04日,女,A,momiyama_ai@example.com,078-565-6138,090-6325-4815,672-8354,兵庫県神戸市東灘区北青木2-1-4,,3557649923674027,03/27,311940342029
平山 喜隆,ひらやま のぶたか,43,1982年03月24日,男,O,hirayama_324@example.jp,03-3079-7946,070-2299-4700,195-5137,東京都羽村市川崎1-5-21,有限会社ジュネス,373488258190574,12/26,476795462028
山田 孝之,やまだ たかゆき,62,1962年12月01日,男,A,yamada_takayuki@example.jp,06-2464-2065,090-6168-2044,542-9687,大阪府大阪市住吉区帝塚山東4-1-4,,3556093491829633,07/28,030870084168
杉原 大助,すぎはら だいすけ,55,1969年09月20日,男,AB,daisuke_sugihara@example.co.jp,0538-09-6554,050-3666-1566,437-3951,静岡県静岡市駿河区東新田3-4-13,有限会社斉藤工業,3544939180062974,10/26,814760668602
井上 紀男,いのうえ のりお,68,1957年07月06日,男,AB,inoue_norio@example.jp,0947-63-0090,090-5923-3066,838-3868,福岡県福岡市西区姪の浜3-4-7,,4283925178218531,03/28,266085001906
岡本 正人,おかもと まさと,43,1981年08月09日,男,A,masatookamoto@example.org,0475-70-2050,070-4314-6014,263-8401,千葉県千葉市中央区中央2-3-5,株式会社ファクト,370057791613781,06/28,378173148090
藤本 真弥,ふじもと しんや,27,1997年12月05日,男,A,fujimotoshinya@example.com,011-058-5764,050-0216-0714,075-5015,北海道札幌市東区北三十六条東1-4-20,合名会社大東製材所,3544287493835318,04/27,563471660536
福田 陽介,ふくだ ようすけ,66,1958年08月10日,男,A,fukudayousuke@example.org,03-4839-8753,080-2979-8444,188-9718,東京都渋谷区千駄ヶ谷1-4-504,,3552725532465968,09/26,416001064292
手塚 秀樹,てづか ひでき,77,1948年07月10日,男,O,tezuka_710@example.com,0564-84-8967,080-8032-9797,473-0512,愛知県名古屋市中村区岩塚本通3-1-5,,5280325950121856,01/30,182283645976
新谷 拓己,しんたに たくみ,27,1998年03月10日,男,A,shintani_310@example.ne.jp,03-0944-8170,090-8221-7567,100-5485,東京都中央区築地3-4-7レアルグランデ507,荒木茂彦プロモーション合同会社,3567020095686751,08/28,424506295933
三浦 順子,みうら じゅんこ,46,1979年06月06日,女,O,miura_66@example.net,0982-77-8672,090-7586-9351,880-2457,宮崎県宮崎市城ケ崎2-2-3,株式会社ライフテック,374523467793724,08/25,535393878690
河井 友里,かわい ゆり,36,1989年03月18日,女,O,yuri_kawai@example.com,0436-48-6994,090-6284-4272,284-8332,千葉県千葉市中央区中央2-2-8,合名会社染谷農機工作所,3554176802422156,03/26,615280985079
篠原 千尋,しのはら ちひろ,68,1957年04月16日,女,B,shinohara_chihiro@example.com,0892-15-1584,070-5875-9508,794-8402,愛媛県松山市衣山3-4-105,,3580479085757704,07/27,941558760868
竹内 健二,たけうち けんじ,79,1946年02月16日,男,O,kenjitakeuchi@example.com,0564-98-4191,090-1381-5415,492-0277,愛知県春日井市高蔵寺町3-1-10,,373244173615892,06/30,830690899526
田中 幸子,たなか さちこ,54,1970年09月08日,女,B,sachikotanaka@example.org,0460-76-2623,080-0411-6861,254-4822,神奈川県横浜市中区弁天通1-1-5,有限会社シャイン,4748104369776447,05/27,985541593043
奥田 理絵,おくだ りえ,46,1979年04月20日,女,O,okudarie@example.net,09802-5-2518,070-6020-9348,902-6449,沖縄県浦添市牧港4-3-8パストラル209,,4063807629480678,10/27,820261702182
佐藤 哲,さとう さとし,68,1957年04月27日,男,AB,sato_satoshi@example.com,03-1273-7997,050-0808-3647,109-2402,東京都小平市上水本町2-1-10,,4321280371396609,06/29,090709125850
近藤 俊輝,こんどう としき,46,1978年12月22日,男,O,toshiki_kondou@example.net,03-2319-3946,050-8293-2480,199-4844,東京都港区高輪3-3-5,まつさか建設有限会社,3581703688166081,04/29,352278128966
福永 道也,ふくなが みちや,64,1960年10月07日,男,O,michiya_fukunaga@example.jp,0156-73-6609,090-9562-8994,071-8318,北海道旭川市南二条通3-3-9,,379243732617781,06/27,901124556659
佐藤 敬子,さとう けいこ,24,2001年07月18日,女,A,keikosato@example.co.jp,03-2049-5835,090-4343-8821,130-7569,東京都文京区湯島1-5-3,スポーツゴルフネットワーク合資会社,3566990086548155,08/25,123172618060
鈴木 典子,すずき のりこ,77,1947年12月05日,女,B,suzuki125@example.net,03-3982-7160,080-7710-8735,163-8483,東京都葛飾区四つ木2-2-18,,3528669440878485,04/27,826908465089
中井 麻理,なかい まり,58,1967年03月31日,女,B,nakai_331@example.org,03-4655-8340,090-8316-9328,128-7417,東京都足立区綾瀬2-2-7パレステージ210,,3565558022105108,07/27,404511327214
谷 優花,たに ゆうか,79,1945年08月17日,女,A,tani817@example.net,0465-24-5627,070-2096-8137,237-1634,神奈川県相模原市南区新磯野2-5-305,,5160264547177060,12/27,271478877920
村木 一彦,むらき かずひこ,27,1998年04月05日,男,O,murakikazuhiko@example.ne.jp,0467-44-4264,050-1488-9241,233-7601,神奈川県鎌倉市大船1-1-3,株式会社セイシン,370307425061620,07/29,564847625210
仁井 潤一郎,にい じゅんいちろう,78,1946年09月04日,男,AB,junichirou_nii@example.org,0567-05-5301,070-1938-0102,450-5320,愛知県名古屋市中村区平池町3-2-9シーサイドプレイス808,,371993326618615,03/27,703436410167
染谷 貴之,そめや たかゆき,25,1999年10月30日,男,A,someya1030@example.net,01398-6-6589,090-4641-9241,066-2596,北海道札幌市中央区南六条西3-1-1104,有限会社サンライズ,5145065792735936,06/28,024626057981
高橋 良太,たかはし りょうた,79,1945年12月27日,男,A,ryoutatakahashi@example.jp,0480-90-6157,080-0621-6736,343-1576,埼玉県川口市戸塚3-5-3,,3575460049633451,10/29,198775143341
小林 哲也,こばやし てつや,70,1955年01月09日,男,B,kobayashi_19@example.ne.jp,03-4426-8289,050-9487-7129,143-2241,東京都千代田区外神田3-5-13,,4335804335611946,12/25,097617769321
中井 沙代子,なかい さよこ,66,1959年06月14日,女,AB,sayokonakai@example.com,03-0954-4352,070-9756-3035,148-1018,東京都葛飾区鎌倉1-5-13,,3552256636367033,07/27,686845721490
堀尾 達也,ほりお たつや,53,1972年03月04日,男,A,tatsuya_horio@example.com,03-1746-4674,080-1010-4287,181-8426,東京都世田谷区中町1-2-506アーバンビュー316,,379047661157515,05/26,644778018513
斉藤 あかね,さいとう あかね,27,1998年04月26日,女,O,akane_saito@example.net,0799-18-5079,080-1989-6786,662-0142,兵庫県神戸市灘区高徳町1-4-807,株式会社イトー,3548415706974972,07/30,920798577591
栗本 哲朗,くりもと てつろう,75,1949年08月29日,男,O,kurimototetsurou@example.com,06-5699-5095,090-4602-8001,564-8393,大阪府大阪市西区新町2-5-12,,378988945120699,12/29,661844977235
浅山 武弘,あさやま たけひろ,55,1969年11月13日,男,O,asayama_takehiro@example.co.jp,06-4836-2832,070-6398-3798,596-5964,大阪府大阪市東住吉区南田辺2-3-10,有限会社伊藤商店,5443107696778957,09/26,170709407735
野中 淳子,のなか じゅんこ,30,1994年07月30日,女,O,junkononaka@example.com,03-4156-8815,050-2102-3775,158-8180,東京都港区虎ノ門3-3-19,株式会社アールズ,4560911990025381,01/27,076716064022
西園 隆光,にしぞの たかみつ,37,1988年05月22日,男,O,nishizono_takamitsu@example.org,03-5865-6967,080-2679-8007,168-3963,東京都渋谷区本町1-1-4,,3565894718201889,07/25,740864922922
田中 孝洋,たなか たかひろ,34,1990年10月11日,男,AB,takahiro_tanaka@example.jp,03-7174-4957,070-5051-9717,196-3088,東京都品川区東品川4-1-7,株式会社ONE,374373959258053,01/28,701490946690
山口 綾子,やまぐち あやこ,68,1956年11月23日,女,A,yamaguchiayako@example.jp,03-5790-1853,070-7193-4887,109-1058,東京都杉並区高円寺北2-5-503,,3555578824241630,03/26,903841668138
稲岡 信子,いなおか のぶこ,65,1960年05月16日,女,O,inaoka_nobuko@example.jp,03-0986-7515,080-8369-5150,128-3129,東京都江東区北砂1-1-4,,5467529272673768,03/30,925891702535
高柳 幸利,たかやなぎ ゆきとし,60,1964年09月21日,男,O,yukitoshitakayanagi@example.ne.jp,0845-60-1537,070-7245-8508,723-2516,広島県広島市安佐北区落合南3-3-7キングマンション106,株式会社アクアテック,4924501622494682,08/27,615533860790
金子 和美,かねこ かずみ,75,1949年07月25日,女,A,kazumi_kaneko@example.jp,03-4832-6257,070-9236-8353,152-8614,東京都三鷹市中原3-4-16,,375300197532394,02/28,216546583581
長谷川 かおり,はせがわ かおり,76,1949年01月04日,その他・不明,A,hasegawakaori@example.jp,048-256-9258,050-6060-1237,343-0081,埼玉県所沢市上新井3-5-20,,376632643086701,10/25,255616150098
吉岡 均,よしおか ひとし,27,1998年04月02日,男,A,hitoshiyoshioka@example.net,06-7503-2079,090-5023-7977,590-4587,大阪府大阪市北区西天満2-1-8,株式会社建匠,3534055306012520,09/27,823390813208
新井 さつき,あらい さつき,53,1972年07月08日,女,O,arai_satsuki@example.jp,03-4910-3549,090-3136-9342,116-8994,東京都江戸川区東小岩1-3-1104,合資会社初美,3569731778782489,10/29,455253110250
木村 佑介,きむら ゆうすけ,34,1990年11月21日,男,O,kimura_yuusuke@example.net,0467-15-7589,070-9175-8114,228-6277,神奈川県川崎市川崎区小田2-4-7,合資会社枡屋商店,377723697266668,04/27,372122645490
草野 貴志,くさの たかし,55,1970年03月04日,男,O,kusano_34@example.jp,03-2765-8983,080-9221-9849,127-4701,東京都足立区西伊興1-1-5,有限会社ヤマシタ,3566634005221763,03/27,832556422996
尾関 順子,おぜき じゅんこ,64,1960年12月01日,女,B,junko_ozeki@example.net,0134-53-2185,090-8649-9733,008-5252,北海道旭川市九条通3-2-4,,372157431855087,10/28,967732349187
山口 純一,やまぐち じゅんいち,45,1980年02月21日,男,A,junichiyamaguchi@example.com,03-9008-8891,080-9301-4490,109-5206,東京都目黒区碑文谷4-3-5フェルティパーク311,合資会社吉田紙器工業所,3569107953399532,12/25,764575927033
石黒 篤司,いしぐろ あつし,45,1979年08月13日,男,AB,ishiguroatsushi@example.com,03-5919-6055,090-9890-5959,198-8771,東京都台東区上野2-2-6,高橋工業株式会社,3582531212270197,02/29,174276081568
阿部 拓郎,あべ たくろう,75,1950年06月25日,男,B,abe625@example.jp,03-2404-8282,050-3524-7544,113-5481,東京都中央区日本橋室町1-1-502アールヴェール203,,5257532630177013,09/29,351949480493
高尾 理佐,たかお りさ,79,1946年03月27日,女,A,risa_takao@example.net,03-0349-4779,070-4153-9609,206-7086,東京都渋谷区代々木3-2-9,,5446982962980215,03/27,597270765587
植田 敬太郎,うえだ けいたろー,57,1967年12月31日,男,A,uedakeitaroo@example.co.jp,03-4167-4276,050-5770-3619,177-3912,東京都葛飾区東立石2-2-8,株式会社アレス,4165987888138907,06/30,762507324662
安本 裕一,やすもと ゆういち,45,1980年02月28日,男,B,yuuichi_yasumoto@example.jp,03-9907-8696,070-0113-9219,203-2701,東京都武蔵野市境南町1-3-4,合名会社麻屋本店,4579533513139223,10/26,019046613980
伊藤 政則,いとう まさのり,50,1975年05月19日,男,O,ito_519@example.ne.jp,04-4149-1722,050-1792-1630,363-4266,埼玉県川口市坂下町2-2-7,,4516550412986849,01/30,647308148533
古田 大輔,ふるた だいすけ,25,1999年11月09日,男,A,furutadaisuke@example.org,0845-10-9587,070-0766-6930,724-6310,広島県広島市安佐北区可部南2-5-11,有限会社岩崎商店,5566875118595172,04/28,046104040616
金 千尋,きむ ちひろ,71,1954年03月11日,女,A,kimu311@example.ne.jp,0234-15-3790,080-4129-6484,993-0359,山形県村山市楯岡笛田1-3-3ベルレーヴ409,,378887749884353,04/26,055370617650
本間 祐樹,ほんま ゆうき,38,1987年06月10日,男,A,yuuki_homma@example.com,0495-66-5887,090-8521-9518,343-9714,埼玉県川口市芝3-5-22,有限会社大創,3549036649026537,04/30,678043464368
西田 紀子,にしだ のりこ,53,1972年02月19日,女,A,nishidanoriko@example.ne.jp,0476-38-4638,090-1885-6066,269-0310,千葉県市川市行徳駅前1-1-901,大宮工業合資会社,370551609848159,12/28,554912266457
石原 光政,いしはら みつまさ,37,1988年03月19日,男,AB,mitsumasa_ishihara@example.com,084-831-1801,090-6438-2236,729-0503,広島県広島市安佐南区緑井2-3-15,有限会社クロス,370445103508304,02/30,048093670062
田代 千尋,たしろ ちひろ,56,1968年11月18日,女,O,chihirotashiro@example.com,03-9089-3431,050-8909-5273,117-9421,東京都練馬区土支田1-1-5,株式会社エコテック,379758114416825,02/27,821985677690
長瀬 しほり,ながせ しおり,36,1989年01月28日,女,O,nagase_shiori@example.co.jp,099-449-5165,050-4129-4130,898-0230,鹿児島県鹿児島市西伊敷1-2-8,,5431411532934731,09/27,544713213730
後藤 亜紀,ごとう あき,49,1976年04月24日,女,A,gotoaki@example.com,045-555-0369,080-9443-8118,244-1078,神奈川県相模原市緑区町屋4-1-10シェトア815,株式会社アスト,5246129987464740,11/27,932116004828
井本 みゆき,いもと みゆき,67,1958年05月27日,女,A,imoto_527@example.net,029-375-5862,080-3845-2953,311-8869,茨城県つくば市並木3-1-9,,4273880274450243,10/26,764020134860
新妻 奈緒子,にいづま なおこ,21,2003年10月25日,女,A,naokoniizuma@example.ne.jp,03-3953-4106,090-8954-2093,132-7536,東京都練馬区氷川台2-1-401,合同会社ＯＮＥＢＥＴ,4980598290855161,01/26,517775425027
糟谷 康嗣,かすや こうじ,38,1986年12月25日,男,O,koji_kasuya@example.com,079-491-4798,080-6944-0909,673-6037,兵庫県神戸市須磨区天神町3-3-6,有限会社ツインズ,4142109531964930,02/27,760482302607
太田 隆介,おおた りゅうすけ,65,1960年04月13日,男,A,ota_ryuusuke@example.jp,01457-5-4464,090-2266-7120,001-4164,北海道札幌市北区北十三条西3-3-17,,4263582086785574,03/30,121823925150
天野 文平,あまの ぶんぺい,77,1947年09月11日,男,B,amano_bumpei@example.co.jp,06-1039-8456,090-1656-6393,549-4851,大阪府豊中市服部寿町1-1-15,,370796638966262,03/30,340510734152
川原 大志,かわはら ひろし,45,1979年12月18日,男,O,kawahara1218@example.com,0460-84-5091,090-6807-3412,248-5800,神奈川県厚木市中町1-5-20,株式会社クレア,5341887052794796,10/25,530235840919
山口 勇人,やまぐち はやと,55,1970年03月21日,男,A,yamaguchihayato@example.com,0463-77-3814,090-9620-3227,214-8909,神奈川県鎌倉市手広3-5-3オークス110,株式会社キャスト,3569008278475249,11/28,111014900264
井上 真一,いのうえ しんいち,30,1995年06月29日,男,AB,inoueshinichi@example.co.jp,01658-2-1982,070-1704-1826,000-5692,北海道北広島市大曲工業団地2-2-20,株式会社大貴,4983498921217252,07/29,241791367619
熊井 雅美,くまい まさみ,67,1957年12月26日,女,O,kumai_masami@example.ne.jp,0436-09-2808,080-8422-9906,298-8962,千葉県船橋市習志野台4-3-3,,3560966121795114,02/29,479215486331
小坂 健生,こさか たけお,21,2004年04月17日,男,A,takeo_kosaka@example.ne.jp,0460-82-4826,070-2554-0066,238-3562,神奈川県川崎市川崎区塩浜1-4-309,株式会社ナック,4252148996021022,12/28,639286967630
結城 良治,ゆうき りょうじ,23,2002年06月23日,男,O,yuuki_623@example.com,0749-13-7935,070-3706-4562,527-6586,滋賀県大津市月輪3-5-5ロイヤル309,有限会社タチバナ,5375896637864098,10/29,093829317972
小林 菜々子,こばやし ななこ,79,1945年09月30日,女,O,kobayashinanako@example.net,06-6469-4039,070-8276-3644,587-2585,大阪府高石市加茂3-2-19,,4270684572897573,02/30,482786670467
今中 力,いまなか つとむ,68,1956年08月29日,男,A,tsutomu_imanaka@example.com,0883-14-3714,090-5641-3914,772-3794,徳島県徳島市北沖洲3-5-304エルグレース104,,370565044204380,07/27,203181999215
本田 靖,ほんだ やすし,41,1983年10月02日,男,B,honda_102@example.com,01648-6-7450,090-3687-7992,049-1538,北海道稚内市こまどり3-1-22,,4021682731229474,11/27,334623511397
浦上 修一郎,うらかみ しゅういちろう,67,1957年08月21日,その他・不明,O,shuuichirou_urakami@example.co.jp,03-2454-7656,070-9624-8378,200-8813,東京都新宿区高田馬場2-5-3,,5346178875781094,04/26,999662776936
海老原 直樹,えびはら なおき,40,1984年10月01日,男,A,ebihara_101@example.ne.jp,03-7073-7988,050-3836-4291,121-6067,東京都品川区北品川2-3-3,株式会社中商,3553318496486110,01/29,698368223279
林 麻衣子,はやし まいこ,60,1965年07月14日,女,B,hayashimaiko@example.net,0194-51-5339,080-5544-5812,020-1278,岩手県北上市常盤台1-1-10ディークラディア209,合同会社プラウディア,3568241916580002,02/27,705094529577
朝妻 健太,あさづま けんた,34,1991年03月30日,男,AB,asazuma_330@example.net,03-2220-5332,050-8376-9382,153-8237,東京都東村山市多摩湖町1-3-904,合資会社佐々木呉服店,4136699582698997,07/28,733956412193
岩倉 裕美,いわくら ゆみ,77,1947年11月25日,女,A,iwakura_1125@example.co.jp,0562-93-5599,080-5230-7375,455-6595,愛知県一宮市栄4-3-5,,4929441702456829,01/29,335157793715
牧野 輝夫,まきの てるお,35,1990年03月24日,男,A,makino_teruo@example.com,03-4373-2798,090-3532-2502,164-5257,東京都八王子市南大沢1-1-8,合同会社ＳｏＳｏＬａ,374957219838769,06/29,728951258290
原田 隆,はらだ たかし,40,1984年12月03日,男,B,harada123@example.com,03-2501-3989,080-1089-3701,119-0656,東京都調布市国領町1-1-9,有限会社鈴木興業,5528232475795176,10/25,990881845920
岡部 建太,おかべ けんた,36,1989年05月31日,男,AB,okabekenta@example.org,06-0557-7285,050-1635-8422,536-4839,大阪府大阪市浪速区桜川1-3-13,山本産業株式会社,3570370236241940,12/27,218186825450
今井 千恵子,いまい ちえこ,58,1967年07月21日,女,O,chieko_imai@example.org,0155-61-1241,050-2128-4269,075-5768,北海道岩見沢市四条西1-2-9,大雪ドライブ有限会社,377946375863460,02/27,413486784701
吉川 悠介,よしかわ ゆうすけ,45,1979年09月23日,男,B,yuusukeyoshikawa@example.ne.jp,0178-46-4462,070-6052-8545,034-1156,青森県八戸市城下3-1-3,有限会社伊藤組,4992118613107046,02/30,863513928171
大野 裕幸,おおの ひろゆき,40,1985年05月29日,男,A,ono_hiroyuki@example.net,03-8480-6688,050-7444-3095,207-6350,東京都港区芝浦3-2-5,合同会社稲川動物病院,4423610301457138,04/28,391091854448
小泉 隆生,こいずみ たかお,49,1976年03月18日,男,O,koizumi_takao@example.ne.jp,0248-88-0547,090-3721-9836,970-4267,福島県郡山市開成4-3-7,合資会社野口材木店,5342506915703724,06/28,339469806291
戸田 吉孝,とだ よしたか,28,1996年11月15日,男,A,toda_yoshitaka@example.ne.jp,0476-16-0386,050-2978-0968,261-2117,千葉県柏市つくしが丘3-1-3,有限会社ウイズ,3539884939282654,06/30,812638538770
中村 貴子,なかむら たかこ,60,1964年07月27日,女,O,nakamura727@example.net,03-3259-3543,070-5900-7818,148-5953,東京都足立区保木間3-1-12スターハイツ507,合資会社久野ポンプ工業所,374271466916033,12/29,281504561282
齋藤 真衣子,さいとう まいこ,45,1980年04月12日,その他・不明,A,maiko_saito@example.net,0738-90-7840,070-4512-1018,641-5502,和歌山県和歌山市湊2-1-1106,合資会社コニー,3569149921189439,05/28,964566121629
福家 えみ,ふけ えみ,62,1962年08月25日,女,O,fuke825@example.net,03-1932-9575,050-7447-0469,208-6622,東京都練馬区高松1-5-9,,5100236325213971,04/29,438310491140
山本 雄一,やまもと ゆういち,68,1956年07月28日,男,AB,yamamoto_yuuichi@example.jp,01632-3-9744,050-4590-3170,056-7884,北海道北見市大通西3-1-1107グランフォルム509,,4454989262801712,10/28,178045349121
広瀬 宏,ひろせ ひろし,79,1946年06月13日,男,A,hirose_613@example.ne.jp,03-3395-8567,080-2719-6848,152-8698,東京都江東区豊洲3-4-20,,3535725408924785,06/30,146647344300
泉 暁子,いずみ あきこ,76,1949年01月22日,女,AB,akikoizumi@example.net,03-7510-6789,080-2620-2136,137-4403,東京都杉並区高円寺南3-2-21,,3538199290101323,02/26,408843349110
箕輪 光,みのわ ひかる,64,1960年11月13日,男,AB,minowa_hikaru@example.jp,0229-06-1088,050-0652-3090,985-5330,宮城県仙台市宮城野区中野1-1-19,,4987132978594729,07/28,585035584020
中西 知子,なかにし ともこ,58,1967年03月10日,女,O,nakanishi_tomoko@example.co.jp,0167-17-1399,090-1531-5000,005-3441,北海道札幌市東区本町一条2-2-5,有限会社中山商店,4307084855345555,02/26,565177289385
大島 和美,おおしま かずみ,34,1990年08月04日,女,O,oshima84@example.ne.jp,0463-06-6957,050-8200-2022,255-8317,神奈川県横浜市西区みなとみらい2-4-1003,有限会社いとう,5202681406855868,03/30,784563920239
小西 典之,こにし のりゆき,56,1968年12月02日,男,B,konishinoriyuki@example.ne.jp,0770-90-0367,090-6662-7774,910-0983,福井県福井市問屋町1-3-19アパ415,,4405316797770859,08/27,292724053557
加藤 栄一,かとう えいいち,20,2004年11月09日,男,O,katoeiichi@example.org,03-8658-1652,070-0470-6205,195-2200,東京都多摩市関戸3-4-9サニーハイツ411,有限会社わたなべ,3532984513220919,10/26,634631650022
斎木 正明,さいき まさあき,46,1979年01月05日,男,O,masaaki_saiki@example.net,03-3586-1945,080-7767-6186,133-7031,東京都台東区蔵前2-2-4,株式会社スリーアローズ,4134392462911670,04/30,043624885016
染谷 真規子,そめや まきこ,42,1982年10月05日,女,A,someya_makiko@example.org,03-3465-7127,080-7590-6856,191-8885,東京都江戸川区篠崎町2-3-3,株式会社マルヨシ,3559548184346598,03/27,573123165101
木暮 壮一,こぐれ そういち,36,1989年07月21日,男,O,kogure721@example.org,042-673-0191,080-7619-2213,359-6172,埼玉県三郷市鷹野2-3-307,集団運動をもっと進化させよう合同会社,4890362145992763,11/28,541378742910
網野 ともこ,あみの ともこ,72,1953年07月06日,女,A,amino76@example.net,03-1563-3887,050-5206-6613,208-5890,東京都江戸川区一之江1-2-8,,3568074698735613,06/28,635055105346
梅本 恭之,うめもと たかゆき,64,1960年08月24日,男,B,umemoto824@example.ne.jp,03-6951-7297,080-3696-7203,102-4532,東京都中野区弥生町1-4-18エクセル214,,3531039220600761,07/25,258651644507
猪狩 木綿子,いがり ゆうこ,80,1945年06月07日,女,A,igari67@example.co.jp,0467-46-5493,070-6853-3638,258-9870,神奈川県横浜市中区相生町1-2-6,,5283389138927896,09/28,706059741870
平田 裕紀子,ひらた ゆきこ,33,1992年01月01日,女,O,yukikohirata@example.com,03-3671-8999,070-3027-3874,101-7703,東京都豊島区東池袋1-4-3,株式会社松本工務店,4437827613234310,07/29,493697300879
菊地 順也,きくち じゅんや,29,1996年06月07日,男,O,junyakikuchi@example.org,03-0594-3418,050-0856-5127,157-9416,東京都品川区南大井1-5-8,ネクスト株式会社,4685802797334821,03/30,406640357599
舟山 和男,ふなやま かずお,69,1955年12月04日,男,O,kazuo_funayama@example.jp,03-5958-9777,070-8685-7455,175-0613,東京都港区高輪1-3-302,,4071444568251264,08/29,202034396932
稲田 秀二,いなだ しゅうじ,35,1989年10月16日,男,B,inada_shuuji@example.jp,03-9643-9175,070-2462-7597,124-7476,東京都国分寺市東元町2-3-9,合同会社オーケアス,5183021845803679,06/27,477819868914
加納 真奈美,かのう まなみ,36,1989年05月05日,女,AB,kanou_manami@example.ne.jp,0568-26-2449,080-4762-2076,483-9731,愛知県名古屋市中村区稲上町3-1-17,有限会社栄和,3544996000518536,08/27,872258150500
石塚 沙智子,いしづか さちこ,28,1997年01月30日,女,O,ishizuka_130@example.ne.jp,09913-4-4651,080-6637-7533,893-9248,鹿児島県鹿児島市南栄4-2-3グランブルー112,株式会社タイム,4733316195995697,09/29,160033347070
谷本 佑,たにもと ゆう,54,1971年04月13日,男,O,yuu_tanimoto@example.jp,0531-73-8253,050-5550-8542,447-5398,愛知県名古屋市名東区一社3-1-5,磯部運送合資会社,4039341401413138,05/26,527297489591
本間 晋,ほんま すすむ,62,1962年09月13日,男,B,homma_susumu@example.jp,0466-00-3436,090-0175-0997,240-6656,神奈川県横浜市港北区大倉山2-2-9,,374614468148859,04/30,528354387837
高石 恵理子,たかいし えりこ,46,1978年08月29日,女,B,eriko_takaishi@example.ne.jp,0479-67-8812,080-9623-8312,315-3281,茨城県つくば市二の宮1-2-7,株式会社タナカ,373841690114158,12/26,149940260861
篠原 和幸,しのはら かずゆき,46,1978年07月24日,男,O,shinoharakazuyuki@example.net,03-3966-7898,070-0724-7506,199-3183,東京都足立区一ツ家1-1-10,合同会社サンテラス,3528364790600586,04/30,203304266617
中尾 直樹,なかお なおき,73,1951年10月29日,男,B,naokinakao@example.net,0463-03-7371,090-3261-0420,219-6784,神奈川県横浜市南区六ツ川3-3-7カルム309,,4626819034047448,05/29,116883151044
今井 彩乃,いまい あやの,33,1991年08月14日,女,O,imai_814@example.ne.jp,03-2734-8415,080-9654-9701,207-1614,東京都文京区湯島4-2-10,,374750672472634,12/26,390195411053
橘 昌弘,たちばな まさひろ,22,2002年09月17日,男,AB,tachibana917@example.org,045-128-1645,070-5185-0072,223-6889,神奈川県横浜市都筑区荏田南2-1-13,合資会社東洋堂,5376019353230951,06/28,985549970253
三田村 恵実,みたむら めぐみ,57,1968年05月27日,女,B,megumimitamura@example.co.jp,03-0720-3497,070-8202-5710,198-4733,東京都港区芝浦1-4-11,有限会社成和工業,4165180127041559,10/28,361761073390
森島 健二,もりしま けんじ,32,1992年11月25日,男,O,kenjimorishima@example.jp,03-1616-3646,090-7916-8190,192-7343,東京都練馬区関町北3-4-806,ネクサス合同会社,3567272195877950,08/29,097790164010
福田 弘,ふくだ ひろし,69,1956年06月16日,男,B,fukuda_hiroshi@example.jp,03-1571-6687,080-1908-9665,150-7952,東京都墨田区錦糸3-1-6,,5381629042360416,11/27,713902210560
大内 博史,おおうち ひろふみ,67,1957年11月22日,男,O,hirofumi_ouchi@example.jp,03-1805-0748,080-6474-7852,164-5057,東京都新宿区西新宿1-5-9ネオコーポ712,,376403936743576,08/28,215126736424
西澤 久雄,にしざわ ひさお,64,1961年02月02日,男,B,nishizawa22@example.co.jp,03-7028-7071,080-6610-4111,165-5773,東京都世田谷区瀬田2-2-10,,370449392073244,05/29,863265414824
服部 佐季子,はっとり さきこ,29,1995年09月26日,女,B,sakikohattori@example.jp,0577-57-1288,070-3950-6683,508-9230,岐阜県岐阜市宇佐南3-3-8,株式会社KMS,378011480558585,06/27,170595214087
田中 富久子,たなか ふくこ,73,1952年03月26日,その他・不明,A,fukukotanaka@example.co.jp,03-2480-8621,090-5264-5304,141-9213,東京都港区南青山3-2-3,,4780187634923968,06/29,340814817313
渡邊 次郎,わたなべ じろう,46,1978年10月28日,男,O,watanabejirou@example.co.jp,03-1776-4770,080-0235-7809,156-2078,東京都目黒区上目黒3-2-11,合資会社服部,4665392641566178,03/30,693003488840
本多 夏美,ほんだ なつみ,28,1997年01月07日,女,B,honda17@example.co.jp,0238-15-7768,050-1569-4367,993-3707,山形県天童市久野本2-3-3,合同会社フリーエージェントスタッフ,5460618217477828,03/26,580427212048
鎌倉 哲也,かまくら てつや,43,1982年03月29日,男,A,kamakura_329@example.jp,0495-60-0238,050-5950-0125,362-1889,埼玉県所沢市小手指町2-2-12,株式会社オカダ,372444181780073,03/28,694901944166
松尾 麻衣子,まつお まいこ,75,1949年11月10日,女,A,matsuo1110@example.co.jp,03-8699-2306,050-9968-7708,136-4402,東京都荒川区荒川2-1-4,,374272294495315,06/26,628691124540
岩崎 律子,いわさき りつこ,39,1985年11月09日,女,A,ritsukoiwasaki@example.co.jp,0586-84-8340,090-6274-1453,460-4311,愛知県名古屋市中区栄3-5-4パークマンション412,有限会社みらい,3561306780012320,12/27,136194729463
神崎 瑠奈,かんざき るな,64,1960年11月22日,女,O,runakanzaki@example.org,03-9473-9345,050-0603-2023,124-7407,東京都西多摩郡瑞穂町長岡2-4-7,,3534431448255139,11/26,955771142206
稲垣 志郎,いながき しろう,53,1972年06月15日,男,O,inagaki_shirou@example.co.jp,0995-15-6626,090-4039-3790,892-7760,鹿児島県鹿児島市南栄2-2-8,株式会社グランディール,4406822621157436,01/26,068648725276
三井 雅人,みつい まさと,25,1999年07月25日,男,O,masato_mitsui@example.org,0235-75-7122,090-6640-7011,999-7432,山形県米沢市春日4-3-7,株式会社アンビシャス,371294575684725,08/28,539270442974
高橋 康子,たかはし やすこ,21,2004年03月08日,女,B,takahashiyasuko@example.jp,0467-03-6159,050-1476-8309,210-9473,神奈川県秦野市鶴巻南2-4-14,合名会社石川商店,3529292069653722,04/29,592451345383
山本 大樹,やまもと たいき,62,1962年08月10日,男,B,taiki_yamamoto@example.net,0470-25-5052,070-0369-8803,274-6300,千葉県市川市大野町2-2-13シーサイドプレイス111,,5555749722275013,12/25,724241676879
本田 哲哉,ほんだ てつや,73,1952年07月08日,男,B,honda_tetsuya@example.org,03-7265-6234,050-0722-5299,160-6063,東京都杉並区上荻3-5-1103,,5463229771432667,10/29,396340416300
高田 博之,たかだ ひろゆき,27,1998年07月07日,男,AB,hiroyuki_takada@example.co.jp,03-8143-5187,090-3216-0359,112-3423,東京都豊島区池袋本町3-3-3,,3539843188329210,08/28,941762246138
宮田 みどり,みやた みどり,37,1988年01月16日,女,A,midorimiyata@example.jp,082-456-2981,050-2964-7348,726-7963,広島県広島市安佐北区可部2-5-10,合資会社ソフトプラス,378999467123078,09/27,470430717932
山田 卓史,やまだ たかし,49,1975年10月29日,男,O,yamada1029@example.co.jp,06-5243-2375,070-7964-1939,544-0850,大阪府大阪市天王寺区上汐1-5-21,株式会社山本工務店,3537022062727508,06/29,237369505343
宮本 篤史,みやもと あつし,45,1980年05月05日,男,A,miyamoto_55@example.com,078-704-2278,050-0549-9397,654-5673,兵庫県姫路市東延末2-1-21,合名会社カメブ呉服店,3531923323608245,03/29,354730819540
平賀 栄二,ひらが えいじ,26,1999年02月08日,男,A,hiraga_eiji@example.co.jp,0564-58-5800,080-5323-1976,446-5299,愛知県愛知郡東郷町三ツ池3-3-1105,,4588638650860405,10/26,272853088161
谷 亮介,たに りょうすけ,50,1974年12月12日,男,B,tani1212@example.jp,0920-71-7578,090-0522-1863,853-3216,長崎県長崎市西山1-2-1209レピア803,尾鷲信託合資会社,378615657086962,09/27,253707387039
浅原 美幸,あさはら みゆき,58,1967年07月03日,女,O,miyukiasahara@example.net,03-7668-7380,050-2273-3477,162-3577,東京都足立区中川4-2-6,株式会社レオン,372013490644302,04/26,710731721316
山崎 謙吾,やまざき けんご,66,1958年10月30日,男,A,yamazaki_1030@example.com,03-3586-1681,080-7068-8316,158-6234,東京都中央区銀座1-4-19,,5575037414831962,08/26,733059983242
山内 聡一郎,やまうち そういちろう,25,1999年10月05日,男,A,yamauchi_105@example.co.jp,0567-05-6990,090-6126-3097,495-1789,愛知県名古屋市中村区名駅2-3-20アルス206,,3558290643471797,05/30,907995046321
鈴木 剛志,すずき つよし,45,1980年04月06日,男,A,suzuki_tsuyoshi@example.co.jp,03-6784-8249,080-8033-9973,204-8738,東京都目黒区目黒本町1-3-803,有限会社中島工業,375474910619497,06/26,123310702174
森 真知子,もり まちこ,47,1977年08月03日,女,A,machiko_mori@example.co.jp,03-4171-0136,050-6555-2401,174-4624,東京都港区芝浦4-1-3,合資会社ジェイピーメディカル,3567219228185422,08/26,951654063260
岩谷 浩之,いわたに ひろゆき,29,1996年03月08日,男,A,iwatani38@example.ne.jp,03-0638-3326,090-8757-8977,152-5636,東京都千代田区九段南4-1-8,合同会社花あかり,5228094204480774,11/28,224096469727
福井 明彦,ふくい あきひこ,51,1973年11月04日,男,B,fukuiakihiko@example.org,0229-41-2742,090-3628-3505,986-0994,宮城県仙台市泉区加茂2-4-8,,5585988017334952,12/26,905540321313
田中 たろう,たなか たろう,63,1962年02月21日,男,O,tarou_tanaka@example.org,03-5615-2204,080-7764-1597,203-6632,東京都中野区南台3-1-20,,3532664907032134,10/29,692500273347
澤田 信彦,さわだ のぶひこ,40,1984年09月01日,男,AB,nobuhiko_sawada@example.jp,03-4138-1442,070-7313-2002,141-1979,東京都渋谷区代々木1-1-7,株式会社サイトー,378522076314605,12/25,164911423009
伊藤 隆太郎,いとう りゅうたろう,37,1987年08月13日,男,A,ito_813@example.ne.jp,0557-16-1142,080-9512-2162,421-7932,静岡県浜松市中区高丘北2-3-22,株式会社アンサー,4051132751472003,12/27,774775900356
高橋 敦,たかはし あつし,66,1959年05月16日,男,A,takahashi_atsushi@example.com,0465-77-1959,080-6210-3284,222-0366,神奈川県横浜市鶴見区鶴見中央3-5-18モンセーヌ710,,5494326400287216,12/25,815739185991
内山 麻里,うちやま まり,65,1959年09月05日,女,A,uchiyamamari@example.jp,0568-87-1676,090-8297-7249,499-0021,愛知県瀬戸市品野町3-1-11レピア409,,4643738680634078,08/26,359945355849
梨本 大介,なしもと だいすけ,73,1952年05月13日,男,B,nashimoto_513@example.org,03-0232-7186,070-8481-1229,169-3161,東京都新宿区北新宿3-1-8,,4171692898672067,04/28,714773813810
浅井 拓也,あさい たくや,65,1959年09月16日,男,A,asai_takuya@example.com,01267-0-0176,070-6409-6428,053-1072,北海道名寄市西四条南3-2-204,,3552274160503352,11/27,027084434600
山本 純子,やまもと じゅんこ,73,1951年11月21日,女,AB,yamamotojunko@example.org,03-0143-7050,050-7366-0028,175-6753,東京都世田谷区玉川1-4-1202エクセレンス202,,5510840080806640,11/27,776725273990
津田 英樹,つだ ひでき,42,1983年04月27日,男,A,hidekitsuda@example.jp,03-0897-9604,080-3856-1952,107-2026,東京都町田市原町田2-1-7,有限会社中村商事,3579687182622349,11/26,514155363448
上田 理恵,うえだ りえ,39,1986年01月13日,女,O,rie_ueda@example.jp,03-4192-5586,090-7979-4062,144-9940,東京都世田谷区若林2-1-3,,4728441522121705,01/27,713708566507
竹尾 暁美,たけお さとみ,60,1965年04月21日,女,B,satomitakeo@example.net,0467-67-3672,090-0415-9468,243-5964,神奈川県横浜市中区住吉町1-1-4グランスイート101,株式会社キノシタ,378283809867902,02/30,626078745742
酒井 咲子,さかい さきこ,45,1979年09月14日,女,B,sakikosakai@example.co.jp,0476-42-2435,050-7921-3182,285-4904,千葉県船橋市本町1-5-208,株式会社ハヤシ,3561810725585548,05/27,094022201071
星野 徹,ほしの とおる,41,1984年03月21日,男,A,hoshino_tooru@example.net,04-7068-6900,090-4753-9995,348-9783,埼玉県さいたま市南区文蔵3-2-3,合同会社しるし,3533514736209404,01/28,547687367846
木下 広明,きのした ひろあき,27,1998年05月19日,男,B,kinoshita_hiroaki@example.co.jp,03-3309-6449,070-8959-3864,191-1816,東京都品川区南品川1-3-10,有限会社タナカ,4764161518452766,12/28,003659881410
佐々木 真由美,ささき まゆみ,73,1952年03月13日,女,A,mayumi_sasaki@example.com,03-1562-8829,070-9819-4552,118-7914,東京都港区高輪3-3-9,,375029220570135,06/29,714532005844
福井 直宏,ふくい なおひろ,36,1988年12月13日,男,A,fukuinaohiro@example.co.jp,0848-19-7270,080-5572-3814,727-6084,広島県広島市安佐北区口田南1-5-10パークノヴァ414,合同会社Ａｐｐｅｙｏ,5153642954152578,06/26,449525772630
江澤 一恵,えざわ かずえ,31,1993年07月22日,女,O,ezawa_kazue@example.co.jp,03-6428-8051,050-5953-7141,137-9971,東京都江東区豊洲4-3-3,合同会社ＢＡＴＯ,378345460638664,10/25,784335990030
瑞慶山 孝樹,ずけやま たかき,60,1964年11月16日,男,B,takaki_zukeyama@example.com,03-2189-9789,080-7896-5555,138-6082,東京都国分寺市西恋ヶ窪1-2-4,株式会社システック,5377459707897239,07/27,954931714973
塩谷 京子,しおや きょうこ,34,1991年01月29日,女,B,shioyakyouko@example.org,03-2704-3226,050-9615-0829,134-0654,東京都港区六本木3-2-20リッチライフ806,合名会社龍崎商店,3540290692508516,01/26,354215899744
吉村 洋樹,よしむら ひろき,59,1966年04月08日,男,B,yoshimura48@example.net,03-8996-3061,080-8060-8957,158-3866,東京都世田谷区上用賀3-1-19,株式会社ライジング,4705045179260711,02/27,835105949108
豊田 智美,とよだ ともみ,40,1985年03月11日,女,A,tomomi_toyoda@example.jp,03-2281-8430,090-0988-1433,181-2861,東京都葛飾区青戸3-1-22,株式会社ハヤカワ,4583136670035087,12/28,100432818246
高谷 遼介,たかや りょうすけ,23,2002年03月18日,男,A,ryousuke_takaya@example.com,043-623-3694,050-0384-5863,273-4460,千葉県流山市南流山3-5-16グランデ307,株式会社コンフォート,3556672287294613,09/25,747406638730
藤田 滋之,ふじた しげゆき,58,1966年11月24日,男,O,fujita1124@example.ne.jp,0284-63-3116,050-1233-9204,378-1759,群馬県前橋市若宮町2-1-6,フロンティア株式会社,373565673758851,12/25,876044467251
三浦 のり子,みうら のりこ,74,1951年03月02日,女,A,noriko_miura@example.ne.jp,06-9736-9909,090-3315-7884,553-6594,大阪府茨木市鮎川1-1-7ネバーランド607,,4123546063215152,02/28,738190207691
野澤 恵介,のざわ けいすけ,60,1964年11月08日,男,A,keisukenozawa@example.jp,03-4874-0398,090-1967-5193,172-3569,東京都葛飾区立石3-2-7,有限会社井上工務店,4424858266220129,09/25,758498624820
清水 舞,しみず まい,33,1991年07月31日,女,B,shimizumai@example.com,06-7688-9350,080-3076-3932,585-4449,大阪府摂津市鳥飼本町2-3-3,合資会社堀木鉄工所,3549928708967447,04/30,182701250479
伊藤 亮介,いとう りょうすけ,49,1975年12月01日,男,B,ito121@example.co.jp,03-1011-0697,080-6145-6840,181-6156,東京都墨田区東向島3-2-21,株式会社アンビション,379124094143923,11/26,481040722414
谷口 賢,たにぐち けん,59,1966年04月15日,男,O,taniguchiken@example.co.jp,053-135-0183,050-1250-2973,413-6695,静岡県静岡市駿河区馬渕2-4-7,佐藤建設株式会社,3542083189540748,12/27,852824579071
河津 順一,かわづ じゅんいち,49,1975年08月16日,男,A,junichikawazu@example.co.jp,045-530-8653,070-5257-3617,212-4209,神奈川県横浜市港北区高田西3-3-3サニーハイツ204,株式会社アクシス,5416861859107320,03/27,935434663805
桜井 優輝,さくらい ゆうき,39,1986年06月12日,男,B,sakurai612@example.co.jp,0798-51-0063,080-7196-9352,665-7860,兵庫県神戸市中央区琴ノ緒町2-2-9,株式会社T＆S,376756822402791,12/26,623842121849
藤井 宏基,ふじい こうき,66,1959年04月15日,男,B,fujii_koki@example.net,03-8943-3608,080-9691-6804,150-9961,東京都渋谷区神宮前1-2-5,,377912403936223,03/30,584091869740
古川 慶,ふるかわ けい,27,1997年08月24日,男,O,furukawa_824@example.com,03-2355-2376,070-1367-1439,135-1636,東京都新宿区新宿3-5-9,三栄工業株式会社,4642728942086739,10/27,552393288313
葛岡 麻裕,くずおか まゆ,50,1975年03月06日,女,A,kuzuoka_mayu@example.net,0952-46-5210,050-4974-6931,846-4163,佐賀県唐津市町田2-5-9ローレルハイツ209,有限会社青木商事,376920418398843,03/29,176412928432
林 宏樹,はやし ひろき,31,1993年12月24日,男,AB,hirokihayashi@example.org,03-5711-4884,070-9068-8267,172-4443,東京都品川区南品川1-1-11,有限会社アイコーポレーション,374569605121773,04/28,857382343911
崎原 成史,さきはら なりふみ,45,1979年09月14日,男,O,sakihara_914@example.jp,03-6296-5619,090-5469-1071,114-8455,東京都世田谷区代沢3-4-21ザ・パークハウス304,有限会社プロスパー,3552771205002233,05/30,784994634705
三浦 陽子,みうら ようこ,24,2001年02月28日,女,O,miura_228@example.jp,0466-79-7993,090-8746-1435,216-0533,神奈川県横浜市鶴見区向井町4-3-9,,4384647201289416,11/25,759874035544
成清 亮,なりきよ りょう,70,1954年07月24日,男,AB,narikiyo724@example.ne.jp,0791-19-8431,050-6335-1711,656-0272,兵庫県宝塚市逆瀬台1-2-9ローレルハイツ510,,5345774591990943,03/29,412222419502
上原 貴宏,うえはら たかひろ,31,1994年03月23日,男,AB,takahiro_uehara@example.com,03-6264-9309,070-0840-2661,115-1449,東京都世田谷区太子堂3-3-305プリオーレ307,株式会社エグゼ,4027742507316618,07/29,368088872093
田村 恵,たむら めぐみ,34,1991年04月02日,女,O,tamura_42@example.com,06-5324-4292,080-1211-4168,585-4265,大阪府大阪市中央区難波1-5-15,合資会社ハリマヤ,3540531807275214,11/28,788010351819
鎌田 純,かまた あや,31,1993年07月24日,男,A,kamata_724@example.jp,03-9833-4191,080-3495-6678,159-8210,東京都足立区伊興4-2-5,株式会社リバティ,5308013303855960,01/26,340580102862
下川 真紀子,しもかわ まきこ,53,1971年10月21日,女,A,shimokawa_1021@example.com,03-5825-6979,050-1048-9850,181-8958,東京都大田区大森南3-1-1103パラッシオ502,株式会社LEAD,4650421261273455,07/30,477159612296
大武 良祐,おおたけ りょうすけ,43,1981年12月20日,男,B,otake_1220@example.net,079-329-3038,070-9481-0022,668-6887,兵庫県西宮市甲子園口1-2-8,有限会社大樹,377037154833377,02/28,467018351990
光永 良子,みつなが よしこ,60,1964年11月02日,女,O,mitsunagayoshiko@example.org,06-9898-2038,080-2043-3125,574-1538,大阪府大阪市中央区本町2-5-18,合名会社家城タクシー,3566765011397906,02/26,603987427074
佐々木 寿子,ささき ひさこ,44,1980年12月07日,女,A,hisakosasaki@example.co.jp,03-4486-2492,080-3047-3358,191-7464,東京都新宿区新宿1-2-6,日本創建合同会社,4370772708574247,11/27,980922706748
川辺 健祐,かわべ けんすけ,61,1964年05月26日,男,O,kawabe_526@example.com,0145-31-8409,050-2592-2385,058-2265,北海道函館市本通3-3-14,,5543481783658029,12/29,184478402760
松浦 志保,まつうら しほ,33,1991年12月20日,女,O,matsuura_shiho@example.ne.jp,0280-50-9855,080-3855-3886,300-6230,茨城県土浦市下高津3-2-701エミネンス602,株式会社サンライト,3550624593047892,10/27,767231879454
伊藤 一雄,いとう かずお,43,1981年10月10日,男,A,ito1010@example.org,03-3377-0828,070-6398-4878,144-0827,東京都墨田区立花2-2-8,株式会社カラーズ,373239978347519,06/29,539944926565
藤丸 太,ふじまる ふとし,70,1955年07月03日,男,A,fujimaru_73@example.net,0745-67-8361,070-5761-5889,634-2238,奈良県生駒市真弓1-3-11,,5114893984385724,03/27,743609674965
山根 裕之,やまね ひろゆき,60,1965年07月17日,男,B,yamanehiroyuki@example.jp,0460-50-8607,050-3963-6058,257-2954,神奈川県横浜市中区長者町1-2-4,株式会社ヤスダ,4186697692598676,09/25,778294345044
井川 康雅,いかわ やすまさ,36,1989年03月20日,男,A,yasumasaikawa@example.org,03-8823-6533,080-8175-9581,117-8299,東京都千代田区麹町4-2-5,株式会社ネクステージ,373746943478146,02/29,578516625637
竹内 善美,たけうち よしみ,24,2001年05月20日,女,A,yoshimitakeuchi@example.com,03-2495-4649,090-4688-5307,111-5279,東京都渋谷区代々木3-1-7,株式会社ウチダ,4523591434167068,05/29,453122390491
阿部 健太,あべ けんた,39,1985年07月23日,男,B,abe723@example.co.jp,03-2444-5877,070-7169-7160,200-5085,東京都豊島区池袋1-1-12,株式会社STC,4020973855240970,12/26,562599095177
吉野 将樹,よしの まさき,24,2001年02月04日,男,B,yoshino_24@example.ne.jp,0145-03-0033,080-2059-5560,076-3581,北海道北広島市大曲緑ヶ丘4-3-7,,5353660213654604,05/27,650838875364
松井 健,まつい けん,50,1974年12月01日,男,A,ken_matsui@example.com,024-864-4062,050-9818-2242,967-0153,福島県いわき市中央台飯野3-1-4,合同会社Ｓｔａｒ,5500132233842900,05/27,163735633852
小笠原 高志,おがさわら たかし,25,1999年09月09日,男,B,ogasawara_takashi@example.co.jp,03-6508-6026,080-5350-7418,117-0238,東京都港区芝浦2-3-7ディーレスティア113,株式会社ムサシ,5377794003667567,06/26,423073148942
永村 裕志,ながむら ゆうし,46,1978年09月20日,男,A,nagamura_920@example.co.jp,0569-43-7220,070-3193-4675,493-9478,愛知県春日井市高蔵寺町3-1-10ラフィネス116,株式会社ペガサス,3561773964885732,12/29,969813925258
安達 友里,あだち ゆり,60,1964年09月27日,女,O,adachi_yuri@example.com,0254-17-0864,080-1889-0685,948-8932,新潟県長岡市四郎丸2-1-6,株式会社エクセル,3563311704195423,06/28,118307589282
花岡 美幸,はなおか みゆき,42,1982年12月28日,女,A,hanaoka1228@example.jp,06-9955-5057,050-1894-3382,566-1009,大阪府大阪市東淀川区淡路2-1-5,株式会社アヴァンセ,4340160148489076,09/27,115565969902
小黒 和也,おぐろ かずや,67,1957年12月01日,男,B,kazuyaoguro@example.co.jp,0493-15-7462,080-8184-5910,348-6567,埼玉県新座市栄4-3-9,,4538605494183196,02/30,270351954520
多田 拓也,ただ たくや,21,2003年12月31日,男,A,takuyatada@example.com,0493-12-9981,080-0747-9234,352-4719,埼玉県朝霞市膝折町3-4-11,有限会社テイク,371463831056370,07/26,077494430048
松山 正人,まつやま まさと,77,1947年12月25日,男,O,matsuyama_1225@example.jp,01457-6-6144,080-9563-1869,002-0267,北海道室蘭市港北町1-1-3セントローリエ312,,4107026953530945,07/28,322506446365
木下 達哉,きのした たつや,70,1955年01月26日,男,A,kinoshita_126@example.ne.jp,0258-84-8501,090-4585-4684,953-8839,新潟県新潟市北区松浜本町2-2-3,,377480384241302,05/27,430352555112
福田 祐美子,ふくだ ゆみこ,34,1991年07月07日,女,AB,yumikofukuda@example.jp,026-741-2741,080-0792-9504,393-2108,長野県長野市稲里町中央1-4-11,株式会社SKY,370859052940484,11/26,033372855075
岡本 友基,おかもと ゆうき,53,1972年03月31日,男,B,okamoto_yuuki@example.co.jp,03-1452-8924,050-9851-9930,172-2421,東京都新宿区四谷3-3-1108,株式会社ダイセン,4383324056134979,08/26,772659215821
北川 裕貴,きたがわ ゆうき,49,1975年10月09日,男,B,yuukikitagawa@example.com,03-3497-4374,090-4615-4027,139-7011,東京都墨田区緑3-4-11,合名会社ＡＢＲＥＵ’Ｓ,4305122631075302,03/29,300552577802
阿久津 哲也,あくつ てつや,40,1984年09月22日,男,O,akutsu_922@example.co.jp,0465-03-9444,050-6318-8212,223-3042,神奈川県横浜市鶴見区鶴見中央1-2-4ネオライフマンション201,,4035471614481012,04/29,316666671888
柴田 祐佳,しばた ゆか,65,1960年06月03日,女,A,shibatayuka@example.jp,0167-49-1070,070-6593-0260,072-2557,北海道帯広市東四条南1-4-9アルビス408,,3537621272349761,07/29,989026287750
乾 真也,いぬい しんや,46,1978年11月07日,男,O,inui117@example.co.jp,03-8105-8619,080-1646-3583,196-2399,東京都港区赤坂3-2-8,有限会社マツモト,4465225954346535,06/29,108605204037
上野 隆仁,うえの たかひと,42,1983年01月08日,男,A,uenotakahito@example.com,0561-35-8467,080-8914-8876,441-1587,愛知県名古屋市中区栄3-3-3,株式会社山田工務店,3554116962669295,07/27,671357294020
松本 直矢,まつもと なおや,62,1963年05月15日,男,A,matsumoto_515@example.org,01267-5-1701,070-1730-1505,058-5297,北海道札幌市中央区南九条西1-2-4,,4500480509644531,04/29,181149477211
葛谷 敦子,くずや あつこ,40,1985年01月09日,女,B,atsukokuzuya@example.org,03-7955-9482,070-6821-8470,199-7685,東京都新宿区高田馬場1-1-20,合同会社ロングライフサービス,372222604033076,12/29,666922570513
金成 亮介,かなり りょうすけ,22,2002年08月26日,男,B,kanari826@example.org,03-1577-4211,070-8524-1939,121-2775,東京都豊島区上池袋3-2-18,株式会社ユーシン,3538019931429778,01/28,139306549152
小松 尚徳,こまつ たかのり,38,1987年01月22日,男,A,komatsutakanori@example.org,0533-59-3242,080-4790-0047,451-8356,愛知県名古屋市中川区四女子町1-5-16,株式会社ファーストステップ,3578706885729499,12/26,381388031909
川上 誠,かわかみ まこと,20,2005年03月20日,男,O,kawakamimakoto@example.jp,0470-20-6107,090-5627-8484,262-9255,千葉県市川市真間2-2-4,合同会社スリー・ハット,5517327063794111,02/29,028435195190
田渕 俊彦,たぶち としひこ,20,2004年10月24日,男,AB,tabuchi_toshihiko@example.ne.jp,03-7899-3865,050-4492-0738,126-1917,東京都港区南青山3-3-3,株式会社ウィン,5356545203835320,03/26,631620238244
田中 浩明,たなか ひろあき,76,1949年07月04日,男,O,hiroaki_tanaka@example.jp,0465-14-1003,080-1212-0789,234-9027,神奈川県横浜市青葉区あざみ野1-1-5,,4337350663112097,04/30,864277874681
松井 めぐみ,まつい めぐみ,48,1977年03月15日,女,A,megumi_matsui@example.ne.jp,0948-84-4787,090-3237-3899,834-2775,福岡県福岡市早良区小田部3-2-10,有限会社ラポール,4918753715832520,03/29,963281478233
宮本 進,みやもと すすむ,50,1975年01月16日,男,O,susumumiyamoto@example.net,0466-92-6090,050-8138-0657,237-0161,神奈川県川崎市多摩区栗谷3-5-1203エスペランス404,合名会社サンワ,3572578575873259,10/29,996416927578
大高 綾子,おおたか あやこ,35,1990年04月15日,女,B,ayako_otaka@example.org,03-4724-6018,080-0453-0744,111-2460,東京都中野区本町3-2-5,桂商事合名会社,5256535852985444,06/27,456705515739
前田 英明,まえだ ひであき,38,1987年03月07日,男,A,maeda_37@example.com,0460-37-2086,090-9862-6342,241-4731,神奈川県川崎市高津区二子1-5-407,有限会社佐藤建設,4105343630448637,06/27,382236551423
松崎 昌之,まつざき まさゆき,57,1968年01月19日,男,A,matsuzaki_119@example.jp,0826-46-9044,080-1503-5950,733-9860,広島県福山市東川口町3-3-9,株式会社トリニティ,3542848802976531,05/29,870413912592
片寄 美穂,かたよせ みほ,23,2002年01月10日,女,O,katayose_miho@example.co.jp,0167-67-6354,050-3336-4105,044-5370,北海道札幌市白石区本通3-2-13,,4256644665186472,01/30,416101044493
紺谷 智,こんたに とも,55,1969年09月01日,男,O,kontani_91@example.net,06-8292-4292,090-9337-7633,532-7798,大阪府大阪市淀川区宮原3-2-20,合資会社丸長青果市場,4813190066661602,09/29,862148210430
小松 ひろみ,こまつ ひろみ,69,1956年07月08日,女,O,hiromikomatsu@example.jp,0567-34-8550,080-1074-9125,496-1867,愛知県名古屋市港区藤前4-1-6,,5420895109176143,08/27,538238334535
田村 清彦,たむら きよひこ,47,1978年05月10日,男,A,tamura510@example.org,0799-05-3895,050-6252-8639,674-2078,兵庫県尼崎市武庫川町1-1-6,ＫＡＮＴＯ,5521988541325457,06/30,425832799417
藤枝 裕輔,ふじえだ ゆうすけ,68,1956年11月14日,その他・不明,O,yuusukefujieda@example.com,092-076-1334,050-4774-7422,830-9622,福岡県福岡市中央区天神1-2-15,,5204150347007722,12/28,926616931911
大瀧 麻実,おおたき あさみ,22,2003年06月03日,女,B,otakiasami@example.co.jp,06-0947-3111,070-0062-8895,550-1216,大阪府大阪市西区本田2-2-7,まちむすび合同会社,3560444119906135,05/26,587903518589
荒木 美奈,あらき みな,23,2001年12月15日,女,A,arakimina@example.jp,0475-42-0907,050-5895-8343,267-1732,千葉県柏市光ケ丘3-4-11,有限会社サンコーポレーション,4377620774190989,10/28,484352060418
藤川 敬史,ふじかわ けいし,78,1946年07月28日,男,A,keishifujikawa@example.ne.jp,0465-03-0261,070-4695-4086,228-0730,神奈川県横浜市青葉区あざみ野2-5-4,,4186423052476977,06/28,813720814260
萬田 重喜,まんだ しげき,32,1992年12月08日,男,A,shigekimanda@example.ne.jp,0476-72-5000,090-2259-9065,279-6762,千葉県市原市白金町1-4-16,,4498994413192605,07/26,171316742296
北沢 知子,きたざわ ともこ,24,2001年05月26日,女,AB,tomoko_kitazawa@example.co.jp,0865-45-2241,090-0009-3964,706-2464,岡山県赤磐市桜が丘西3-2-14,有限会社アウル,5394423310093726,03/28,178471995014
藤原 俊行,ふじわら としゆき,33,1992年03月04日,その他・不明,A,fujiwara_34@example.ne.jp,0493-48-0950,070-8821-9094,338-9711,埼玉県久喜市本町1-1-3,株式会社ジュピター,378442806198675,09/26,876670611267
秋山 大,あきやま だい,29,1996年01月21日,男,A,daiakiyama@example.ne.jp,0823-39-9898,070-1348-1961,736-0490,広島県広島市安佐南区伴中央1-4-7,株式会社ライト,4877925816434971,08/29,153824896748
細川 聖,ほそかわ まさし,38,1986年10月04日,男,B,hosokawa_masashi@example.org,03-9147-1478,050-4463-1757,167-0700,東京都国立市東2-1-5アウレリア204,株式会社ウィン,374617954637467,09/29,593912182070
後藤 雅之,ごとう まさゆき,75,1949年12月09日,男,O,goto_masayuki@example.net,03-7533-3996,090-8217-2345,150-2186,東京都港区西麻布1-1-104,,5386718512587288,08/25,026091885777